ISO-10303-21;
HEADER;
FILE_DESCRIPTION(('ViewDefinition[DesignTransferView]'),'2;1');
FILE_NAME('/dev/null','2026-07-17T15:41:36+03:00',(''),(''),'IfcOpenShell 0.8.6-alpha260602','IfcOpenShell 0.8.6-alpha260602','Nobody');
FILE_SCHEMA(('IFC2X3'));
ENDSEC;
DATA;
#1=IFCPERSON('HSeldon','Seldon','Hari',$,$,$,$,$);
#2=IFCORGANIZATION('APTR','Aperture Science',$,$,$);
#3=IFCPERSONANDORGANIZATION(#1,#2,$);
#4=IFCACTORROLE(.USERDEFINED.,'CONTRIBUTOR',$);
#5=IFCORGANIZATION('IfcOpenShell','IfcOpenShell','IfcOpenShell is an open source software library that helps users and software developers to work with IFC data.',(#4),(#6));
#6=IFCTELECOMADDRESS(.USERDEFINED.,$,'WEBPAGE',$,$,$,$,'https://ifcopenshell.org');
#7=IFCAPPLICATION(#5,'0.8.6-alpha260602','Bonsai','Bonsai');
#8=IFCOWNERHISTORY(#3,#7,.READWRITE.,.ADDED.,1784292096,#3,#7,1784292096);
#9=IFCPROJECT('3NJUxHyTzEv96oezyDYEqf',#8,'Bonsai Demo',$,$,$,$,(#18,#22),#13);
#10=IFCSIUNIT(*,.LENGTHUNIT.,$,.METRE.);
#11=IFCSIUNIT(*,.AREAUNIT.,$,.SQUARE_METRE.);
#12=IFCSIUNIT(*,.VOLUMEUNIT.,$,.CUBIC_METRE.);
#13=IFCUNITASSIGNMENT((#10,#11,#12));
#14=IFCCARTESIANPOINT((0.,0.,0.));
#15=IFCDIRECTION((0.,0.,1.));
#16=IFCDIRECTION((1.,0.,0.));
#17=IFCAXIS2PLACEMENT3D(#14,#15,#16);
#18=IFCGEOMETRICREPRESENTATIONCONTEXT($,'Model',3,1.0000000000000001E-05,#17,$);
#19=IFCCARTESIANPOINT((0.,0.));
#20=IFCDIRECTION((1.,0.));
#21=IFCAXIS2PLACEMENT2D(#19,#20);
#22=IFCGEOMETRICREPRESENTATIONCONTEXT($,'Plan',2,1.0000000000000001E-05,#21,$);
#23=IFCGEOMETRICREPRESENTATIONSUBCONTEXT('Body','Model',*,*,*,*,#18,$,.MODEL_VIEW.,$);
#24=IFCGEOMETRICREPRESENTATIONSUBCONTEXT('Body','Plan',*,*,*,*,#22,$,.PLAN_VIEW.,$);
#25=IFCGEOMETRICREPRESENTATIONSUBCONTEXT('Annotation','Model',*,*,*,*,#22,$,.MODEL_VIEW.,$);
#26=IFCMATERIAL('Unknown');
#27=IFCOWNERHISTORY(#3,#7,.READWRITE.,.ADDED.,1784292096,#3,#7,1784292096);
#28=IFCWALLTYPE('2F1k78lI53fwS0rg3rqrRb',#27,'WAL50',$,$,$,$,$,$,.NOTDEFINED.);
#29=IFCMATERIALLAYERSET((#32),$);
#30=IFCOWNERHISTORY(#3,#7,.READWRITE.,.ADDED.,1784292096,#3,#7,1784292096);
#31=IFCRELASSOCIATESMATERIAL('0khP_Smdj12f2JrOTRbRKj',#30,$,$,(#28),#29);
#32=IFCMATERIALLAYER(#26,0.050000000000000003,$);
#33=IFCOWNERHISTORY(#3,#7,.READWRITE.,.ADDED.,1784292096,#3,#7,1784292096);
#34=IFCWALLTYPE('3R5onkTtX1IxdCMPoThRaw',#33,'WAL100',$,$,$,$,$,$,.NOTDEFINED.);
#35=IFCMATERIALLAYERSET((#38),$);
#36=IFCOWNERHISTORY(#3,#7,.READWRITE.,.ADDED.,1784292096,#3,#7,1784292096);
#37=IFCRELASSOCIATESMATERIAL('0$mXRPCT16nP6Q70XFNvZv',#36,$,$,(#34),#35);
#38=IFCMATERIALLAYER(#26,0.10000000000000001,$);
#39=IFCOWNERHISTORY(#3,#7,.READWRITE.,.ADDED.,1784292096,#3,#7,1784292096);
#40=IFCWALLTYPE('1juanculbDJPqvqT2FCm8m',#39,'WAL200',$,$,$,$,$,$,.NOTDEFINED.);
#41=IFCMATERIALLAYERSET((#44),$);
#42=IFCOWNERHISTORY(#3,#7,.READWRITE.,.ADDED.,1784292096,#3,#7,1784292096);
#43=IFCRELASSOCIATESMATERIAL('0FsB2A$frFn9AZW2IG38ny',#42,$,$,(#40),#41);
#44=IFCMATERIALLAYER(#26,0.20000000000000001,$);
#45=IFCOWNERHISTORY(#3,#7,.READWRITE.,.ADDED.,1784292096,#3,#7,1784292096);
#46=IFCWALLTYPE('05UYduR9r1vRxZZgP64Rdw',#45,'WAL300',$,$,$,$,$,$,.NOTDEFINED.);
#47=IFCMATERIALLAYERSET((#50),$);
#48=IFCOWNERHISTORY(#3,#7,.READWRITE.,.ADDED.,1784292096,#3,#7,1784292096);
#49=IFCRELASSOCIATESMATERIAL('2FYhYrvmv4SBoZHVWDTTte',#48,$,$,(#46),#47);
#50=IFCMATERIALLAYER(#26,0.29999999999999999,$);
#51=IFCOWNERHISTORY(#3,#7,.READWRITE.,.ADDED.,1784292096,#3,#7,1784292096);
#52=IFCCOVERINGTYPE('0iLxgfHB9F2hRH2vMcw7Yv',#51,'COV10',$,$,$,$,$,$,.NOTDEFINED.);
#53=IFCMATERIALLAYERSET((#56),$);
#54=IFCOWNERHISTORY(#3,#7,.READWRITE.,.ADDED.,1784292096,#3,#7,1784292096);
#55=IFCRELASSOCIATESMATERIAL('0yvFX0zgb9uvJ3ARnf4mfe',#54,$,$,(#52),#53);
#56=IFCMATERIALLAYER(#26,0.01,$);
#57=IFCOWNERHISTORY(#3,#7,.READWRITE.,.ADDED.,1784292096,#3,#7,1784292096);
#58=IFCCOVERINGTYPE('15Riw2WTrAUPwvfLyKXJ2g',#57,'COV20',$,$,(#64),$,$,$,.NOTDEFINED.);
#59=IFCMATERIALLAYERSET((#62),$);
#60=IFCOWNERHISTORY(#3,#7,.READWRITE.,.ADDED.,1784292096,#3,#7,1784292096);
#61=IFCRELASSOCIATESMATERIAL('1iAOG6NK9FBxitFtzN9qP5',#60,$,$,(#58),#59);
#62=IFCMATERIALLAYER(#26,0.02,$);
#63=IFCOWNERHISTORY(#3,#7,.READWRITE.,.ADDED.,1784292096,#3,#7,1784292096);
#64=IFCPROPERTYSET('18ICCZ0fjDG9UXMyzrsFBA',#63,'EPset_Parametric',$,(#65));
#65=IFCPROPERTYSINGLEVALUE('LayerSetDirection',$,IFCLABEL('AXIS2'),$);
#66=IFCOWNERHISTORY(#3,#7,.READWRITE.,.ADDED.,1784292096,#3,#7,1784292096);
#67=IFCCOVERINGTYPE('0gEOtYULD0F9KD9zPoA6cJ',#66,'COV30',$,$,(#73),$,$,$,.NOTDEFINED.);
#68=IFCMATERIALLAYERSET((#71),$);
#69=IFCOWNERHISTORY(#3,#7,.READWRITE.,.ADDED.,1784292096,#3,#7,1784292096);
#70=IFCRELASSOCIATESMATERIAL('0xd6dsjf13JA98q9fnAMpQ',#69,$,$,(#67),#68);
#71=IFCMATERIALLAYER(#26,0.029999999999999999,$);
#72=IFCOWNERHISTORY(#3,#7,.READWRITE.,.ADDED.,1784292096,#3,#7,1784292096);
#73=IFCPROPERTYSET('3qCbs1tuDCvuOXam5RrA$a',#72,'EPset_Parametric',$,(#74));
#74=IFCPROPERTYSINGLEVALUE('LayerSetDirection',$,IFCLABEL('AXIS3'),$);
#75=IFCOWNERHISTORY(#3,#7,.READWRITE.,.ADDED.,1784292096,#3,#7,1784292096);
#76=IFCSLABTYPE('1Akbal7tP5DAPW0ti$Qp30',#75,'FLR200',$,$,$,$,$,$,.NOTDEFINED.);
#77=IFCMATERIALLAYERSET((#80),$);
#78=IFCOWNERHISTORY(#3,#7,.READWRITE.,.ADDED.,1784292096,#3,#7,1784292096);
#79=IFCRELASSOCIATESMATERIAL('0jzkXlkBL4HhmQ_FTWW6Cj',#78,$,$,(#76),#77);
#80=IFCMATERIALLAYER(#26,0.20000000000000001,$);
#81=IFCOWNERHISTORY(#3,#7,.READWRITE.,.ADDED.,1784292096,#3,#7,1784292096);
#82=IFCSLABTYPE('0$gpYNi3T08BrxaR67CxgI',#81,'FLR300',$,$,$,$,$,$,.NOTDEFINED.);
#83=IFCMATERIALLAYERSET((#86),$);
#84=IFCOWNERHISTORY(#3,#7,.READWRITE.,.ADDED.,1784292096,#3,#7,1784292096);
#85=IFCRELASSOCIATESMATERIAL('3a6kjEM29DleYTlSkA8_DK',#84,$,$,(#82),#83);
#86=IFCMATERIALLAYER(#26,0.29999999999999999,$);
#87=IFCOWNERHISTORY(#3,#7,.READWRITE.,.MODIFIED.,1784292096,#3,#240,1784292096);
#88=IFCWINDOWSTYLE('0bK3c4PWL3eOMNwkPN$rlg',#87,'WT01',$,$,$,(#208,#239),$,.NOTDEFINED.,.NOTDEFINED.,.F.,.F.);
#89=IFCCARTESIANPOINT((0.89999997615814209,0.,1.2000000476837158));
#90=IFCCARTESIANPOINT((0.89999997615814209,0.,0.));
#91=IFCCARTESIANPOINT((0.,0.,1.2000000476837158));
#92=IFCCARTESIANPOINT((0.,0.,0.));
#93=IFCCARTESIANPOINT((0.099999994039535522,0.,0.099999994039535522));
#94=IFCCARTESIANPOINT((0.099999994039535522,0.,1.1000000238418579));
#95=IFCCARTESIANPOINT((0.80000001192092896,0.,1.1000000238418579));
#96=IFCCARTESIANPOINT((0.80000001192092896,0.,0.099999994039535522));
#97=IFCCARTESIANPOINT((0.099999994039535522,0.019999999552965164,0.099999994039535522));
#98=IFCCARTESIANPOINT((0.099999994039535522,0.019999999552965164,1.1000000238418579));
#99=IFCCARTESIANPOINT((0.80000001192092896,0.019999999552965164,1.1000000238418579));
#100=IFCCARTESIANPOINT((0.80000001192092896,0.019999999552965164,0.099999994039535522));
#101=IFCCARTESIANPOINT((0.099999994039535522,0.05000000074505806,0.099999994039535522));
#102=IFCCARTESIANPOINT((0.099999994039535522,0.05000000074505806,1.1000000238418579));
#103=IFCCARTESIANPOINT((0.80000001192092896,0.05000000074505806,1.1000000238418579));
#104=IFCCARTESIANPOINT((0.80000001192092896,0.05000000074505806,0.099999994039535522));
#105=IFCCARTESIANPOINT((0.,0.05000000074505806,0.));
#106=IFCCARTESIANPOINT((0.,0.05000000074505806,1.2000000476837158));
#107=IFCCARTESIANPOINT((0.89999997615814209,0.05000000074505806,1.2000000476837158));
#108=IFCCARTESIANPOINT((0.89999997615814209,0.05000000074505806,0.));
#109=IFCCARTESIANPOINT((0.099999994039535522,0.029999999329447746,0.099999994039535522));
#110=IFCCARTESIANPOINT((0.099999994039535522,0.029999999329447746,1.1000000238418579));
#111=IFCCARTESIANPOINT((0.80000001192092896,0.029999999329447746,1.1000000238418579));
#112=IFCCARTESIANPOINT((0.80000001192092896,0.029999999329447746,0.099999994039535522));
#113=IFCPOLYLOOP((#101,#105,#106,#102));
#114=IFCFACEOUTERBOUND(#113,.T.);
#115=IFCFACE((#114));
#116=IFCPOLYLOOP((#93,#94,#91,#92));
#117=IFCFACEOUTERBOUND(#116,.T.);
#118=IFCFACE((#117));
#119=IFCPOLYLOOP((#95,#96,#90,#89));
#120=IFCFACEOUTERBOUND(#119,.T.);
#121=IFCFACE((#120));
#122=IFCPOLYLOOP((#94,#95,#89,#91));
#123=IFCFACEOUTERBOUND(#122,.T.);
#124=IFCFACE((#123));
#125=IFCPOLYLOOP((#96,#93,#92,#90));
#126=IFCFACEOUTERBOUND(#125,.T.);
#127=IFCFACE((#126));
#128=IFCPOLYLOOP((#100,#99,#98,#97));
#129=IFCFACEOUTERBOUND(#128,.T.);
#130=IFCFACE((#129));
#131=IFCPOLYLOOP((#103,#107,#108,#104));
#132=IFCFACEOUTERBOUND(#131,.T.);
#133=IFCFACE((#132));
#134=IFCPOLYLOOP((#102,#106,#107,#103));
#135=IFCFACEOUTERBOUND(#134,.T.);
#136=IFCFACE((#135));
#137=IFCPOLYLOOP((#104,#108,#105,#101));
#138=IFCFACEOUTERBOUND(#137,.T.);
#139=IFCFACE((#138));
#140=IFCPOLYLOOP((#92,#105,#108,#90));
#141=IFCFACEOUTERBOUND(#140,.T.);
#142=IFCFACE((#141));
#143=IFCPOLYLOOP((#90,#108,#107,#89));
#144=IFCFACEOUTERBOUND(#143,.T.);
#145=IFCFACE((#144));
#146=IFCPOLYLOOP((#96,#104,#101,#93));
#147=IFCFACEOUTERBOUND(#146,.T.);
#148=IFCFACE((#147));
#149=IFCPOLYLOOP((#95,#103,#104,#96));
#150=IFCFACEOUTERBOUND(#149,.T.);
#151=IFCFACE((#150));
#152=IFCPOLYLOOP((#89,#107,#106,#91));
#153=IFCFACEOUTERBOUND(#152,.T.);
#154=IFCFACE((#153));
#155=IFCPOLYLOOP((#91,#106,#105,#92));
#156=IFCFACEOUTERBOUND(#155,.T.);
#157=IFCFACE((#156));
#158=IFCPOLYLOOP((#94,#102,#103,#95));
#159=IFCFACEOUTERBOUND(#158,.T.);
#160=IFCFACE((#159));
#161=IFCPOLYLOOP((#93,#101,#102,#94));
#162=IFCFACEOUTERBOUND(#161,.T.);
#163=IFCFACE((#162));
#164=IFCPOLYLOOP((#112,#109,#110,#111));
#165=IFCFACEOUTERBOUND(#164,.T.);
#166=IFCFACE((#165));
#167=IFCPOLYLOOP((#99,#111,#110,#98));
#168=IFCFACEOUTERBOUND(#167,.T.);
#169=IFCFACE((#168));
#170=IFCPOLYLOOP((#98,#110,#109,#97));
#171=IFCFACEOUTERBOUND(#170,.T.);
#172=IFCFACE((#171));
#173=IFCPOLYLOOP((#97,#109,#112,#100));
#174=IFCFACEOUTERBOUND(#173,.T.);
#175=IFCFACE((#174));
#176=IFCPOLYLOOP((#100,#112,#111,#99));
#177=IFCFACEOUTERBOUND(#176,.T.);
#178=IFCFACE((#177));
#179=IFCCLOSEDSHELL((#115,#118,#121,#124,#127,#133,#136,#139,#142,#145,#148,#151,#154,#157,#160,#163));
#180=IFCFACETEDBREP(#179);
#181=IFCCLOSEDSHELL((#130,#166,#169,#172,#175,#178));
#182=IFCFACETEDBREP(#181);
#183=IFCSHAPEREPRESENTATION(#23,'Body','Brep',(#180,#182));
#184=IFCSURFACESTYLE('Frame',.BOTH.,(#185));
#185=IFCSURFACESTYLESHADING(#186);
#186=IFCCOLOURRGB($,0.042976561933755875,0.042976561933755875,0.042976561933755875);
#187=IFCMATERIAL('Framing');
#188=IFCPRESENTATIONSTYLEASSIGNMENT((#184));
#189=IFCSTYLEDITEM($,(#188),'Frame');
#190=IFCSTYLEDREPRESENTATION(#23,'Body',$,(#189));
#191=IFCMATERIALDEFINITIONREPRESENTATION($,$,(#190),#187);
#192=IFCSURFACESTYLE('Glass',.BOTH.,(#193));
#193=IFCSURFACESTYLESHADING(#194);
#194=IFCCOLOURRGB($,0.80000001192092896,1.,1.);
#195=IFCMATERIAL('Glazing');
#196=IFCPRESENTATIONSTYLEASSIGNMENT((#192));
#197=IFCSTYLEDITEM($,(#196),'Glass');
#198=IFCSTYLEDREPRESENTATION(#23,'Body',$,(#197));
#199=IFCMATERIALDEFINITIONREPRESENTATION($,$,(#198),#195);
#200=IFCPRESENTATIONSTYLEASSIGNMENT((#184));
#201=IFCSTYLEDITEM(#180,(#200),'Frame');
#202=IFCPRESENTATIONSTYLEASSIGNMENT((#192));
#203=IFCSTYLEDITEM(#182,(#202),'Glass');
#204=IFCCARTESIANPOINT((0.,0.,0.));
#205=IFCDIRECTION((1.,0.,0.));
#206=IFCDIRECTION((0.,0.,1.));
#207=IFCAXIS2PLACEMENT3D(#204,#206,#205);
#208=IFCREPRESENTATIONMAP(#207,#183);
#209=IFCCARTESIANPOINT((0.10000002384185791,0.020000003278255463));
#210=IFCCARTESIANPOINT((0.80000001192092896,0.020000003278255463));
#211=IFCCARTESIANPOINT((0.80000001192092896,0.030000001192092896));
#212=IFCCARTESIANPOINT((0.10000002384185791,0.030000001192092896));
#213=IFCCARTESIANPOINT((0.10000002384185791,0.020000003278255463));
#214=IFCPOLYLINE((#209,#210,#211,#212,#213));
#215=IFCCARTESIANPOINT((0.89999997615814209,0.05000000074505806));
#216=IFCCARTESIANPOINT((0.80000001192092896,0.05000000074505806));
#217=IFCCARTESIANPOINT((0.80000001192092896,0.));
#218=IFCCARTESIANPOINT((0.89999997615814209,0.));
#219=IFCCARTESIANPOINT((0.89999997615814209,0.05000000074505806));
#220=IFCPOLYLINE((#215,#216,#217,#218,#219));
#221=IFCCARTESIANPOINT((0.,0.));
#222=IFCCARTESIANPOINT((0.10000002384185791,0.));
#223=IFCCARTESIANPOINT((0.10000002384185791,0.05000000074505806));
#224=IFCCARTESIANPOINT((0.,0.05000000074505806));
#225=IFCCARTESIANPOINT((0.,0.));
#226=IFCPOLYLINE((#221,#222,#223,#224,#225));
#227=IFCCARTESIANPOINT((0.10000002384185791,0.05000000074505806));
#228=IFCCARTESIANPOINT((0.80000001192092896,0.05000000074505806));
#229=IFCPOLYLINE((#227,#228));
#230=IFCCARTESIANPOINT((0.10000002384185791,0.));
#231=IFCCARTESIANPOINT((0.80000001192092896,0.));
#232=IFCPOLYLINE((#230,#231));
#233=IFCGEOMETRICCURVESET((#214,#220,#226,#229,#232));
#234=IFCSHAPEREPRESENTATION(#24,'Body','Annotation2D',(#233));
#235=IFCCARTESIANPOINT((0.,0.,0.));
#236=IFCDIRECTION((1.,0.,0.));
#237=IFCDIRECTION((0.,0.,1.));
#238=IFCAXIS2PLACEMENT3D(#235,#237,#236);
#239=IFCREPRESENTATIONMAP(#238,#234);
#240=IFCAPPLICATION(#5,'0.8.6','Bonsai','Bonsai-0.8.6');
#241=IFCOWNERHISTORY(#3,#240,.READWRITE.,.MODIFIED.,1784292096,#3,#240,1784292096);
#242=IFCDOORSTYLE('2j0vIBgkH0ERnBCP0cpcCz',#241,'DT01',$,$,$,(#378,#419),$,.NOTDEFINED.,.NOTDEFINED.,.F.,.F.);
#243=IFCCARTESIANPOINT((0.95500016212463379,0.,2.0900001525878906));
#244=IFCCARTESIANPOINT((0.95500016212463379,0.054999988526105881,2.0900001525878906));
#245=IFCCARTESIANPOINT((0.97000002861022949,0.054999992251396179,2.1050000190734863));
#246=IFCCARTESIANPOINT((0.,0.099999994039535522,0.));
#247=IFCCARTESIANPOINT((0.97000002861022949,0.099999994039535522,2.1050000190734863));
#248=IFCCARTESIANPOINT((0.039999991655349731,0.099999994039535522,2.1050000190734863));
#249=IFCCARTESIANPOINT((0.039999991655349731,0.054999992251396179,2.1050000190734863));
#250=IFCCARTESIANPOINT((0.055000007152557373,0.054999988526105881,2.0900001525878906));
#251=IFCCARTESIANPOINT((0.055000007152557373,0.,2.0900001525878906));
#252=IFCCARTESIANPOINT((0.,0.,2.1450002193450928));
#253=IFCCARTESIANPOINT((0.,0.10000000149011612,2.1450002193450928));
#254=IFCCARTESIANPOINT((0.044999986886978149,0.099999994039535522,2.0999999046325684));
#255=IFCCARTESIANPOINT((0.044999986886978149,0.059999994933605194,2.0999999046325684));
#256=IFCCARTESIANPOINT((0.96500003337860107,0.059999994933605194,2.0999999046325684));
#257=IFCCARTESIANPOINT((0.96500003337860107,0.099999994039535522,2.0999999046325684));
#258=IFCCARTESIANPOINT((0.96500003337860107,0.099999994039535522,0.));
#259=IFCCARTESIANPOINT((0.96500003337860107,0.059999994933605194,0.));
#260=IFCCARTESIANPOINT((0.044999986886978149,0.059999994933605194,0.));
#261=IFCCARTESIANPOINT((0.044999986886978149,0.099999994039535522,0.));
#262=IFCCARTESIANPOINT((0.,0.,0.));
#263=IFCCARTESIANPOINT((0.055000007152557373,0.,0.));
#264=IFCCARTESIANPOINT((0.055000007152557373,0.054999992251396179,0.));
#265=IFCCARTESIANPOINT((0.039999991655349731,0.054999992251396179,0.));
#266=IFCCARTESIANPOINT((0.039999991655349731,0.099999994039535522,0.));
#267=IFCCARTESIANPOINT((1.0100003480911255,0.,2.1450002193450928));
#268=IFCCARTESIANPOINT((1.0100003480911255,0.10000000149011612,2.1450002193450928));
#269=IFCCARTESIANPOINT((0.95500016212463379,0.,0.));
#270=IFCCARTESIANPOINT((0.95500016212463379,0.054999988526105881,0.));
#271=IFCCARTESIANPOINT((0.97000002861022949,0.054999992251396179,0.));
#272=IFCCARTESIANPOINT((0.97000002861022949,0.099999994039535522,0.));
#273=IFCCARTESIANPOINT((1.0100003480911255,0.,0.));
#274=IFCCARTESIANPOINT((1.0100003480911255,0.10000000149011612,0.));
#275=IFCPOLYLOOP((#259,#258,#257,#256));
#276=IFCFACEOUTERBOUND(#275,.T.);
#277=IFCFACE((#276));
#278=IFCPOLYLOOP((#244,#245,#271,#270));
#279=IFCFACEOUTERBOUND(#278,.T.);
#280=IFCFACE((#279));
#281=IFCPOLYLOOP((#269,#270,#271,#272,#274,#273));
#282=IFCFACEOUTERBOUND(#281,.T.);
#283=IFCFACE((#282));
#284=IFCPOLYLOOP((#249,#248,#247,#245));
#285=IFCFACEOUTERBOUND(#284,.T.);
#286=IFCFACE((#285));
#287=IFCPOLYLOOP((#250,#249,#245,#244));
#288=IFCFACEOUTERBOUND(#287,.T.);
#289=IFCFACE((#288));
#290=IFCPOLYLOOP((#265,#266,#248,#249));
#291=IFCFACEOUTERBOUND(#290,.T.);
#292=IFCFACE((#291));
#293=IFCPOLYLOOP((#263,#262,#246,#266,#265,#264));
#294=IFCFACEOUTERBOUND(#293,.T.);
#295=IFCFACE((#294));
#296=IFCPOLYLOOP((#254,#255,#256,#257));
#297=IFCFACEOUTERBOUND(#296,.T.);
#298=IFCFACE((#297));
#299=IFCPOLYLOOP((#258,#261,#254,#257));
#300=IFCFACEOUTERBOUND(#299,.T.);
#301=IFCFACE((#300));
#302=IFCPOLYLOOP((#253,#252,#267,#268));
#303=IFCFACEOUTERBOUND(#302,.T.);
#304=IFCFACE((#303));
#305=IFCPOLYLOOP((#267,#243,#269,#273));
#306=IFCFACEOUTERBOUND(#305,.T.);
#307=IFCFACE((#306));
#308=IFCPOLYLOOP((#266,#246,#253,#248));
#309=IFCFACEOUTERBOUND(#308,.T.);
#310=IFCFACE((#309));
#311=IFCPOLYLOOP((#262,#263,#251,#252));
#312=IFCFACEOUTERBOUND(#311,.T.);
#313=IFCFACE((#312));
#314=IFCPOLYLOOP((#251,#250,#244,#243));
#315=IFCFACEOUTERBOUND(#314,.T.);
#316=IFCFACE((#315));
#317=IFCPOLYLOOP((#252,#251,#243,#267));
#318=IFCFACEOUTERBOUND(#317,.T.);
#319=IFCFACE((#318));
#320=IFCPOLYLOOP((#264,#265,#249,#250));
#321=IFCFACEOUTERBOUND(#320,.T.);
#322=IFCFACE((#321));
#323=IFCPOLYLOOP((#246,#262,#252,#253));
#324=IFCFACEOUTERBOUND(#323,.T.);
#325=IFCFACE((#324));
#326=IFCPOLYLOOP((#261,#258,#259,#260));
#327=IFCFACEOUTERBOUND(#326,.T.);
#328=IFCFACE((#327));
#329=IFCPOLYLOOP((#261,#260,#255,#254));
#330=IFCFACEOUTERBOUND(#329,.T.);
#331=IFCFACE((#330));
#332=IFCPOLYLOOP((#263,#264,#250,#251));
#333=IFCFACEOUTERBOUND(#332,.T.);
#334=IFCFACE((#333));
#335=IFCPOLYLOOP((#248,#253,#268,#247));
#336=IFCFACEOUTERBOUND(#335,.T.);
#337=IFCFACE((#336));
#338=IFCPOLYLOOP((#260,#259,#256,#255));
#339=IFCFACEOUTERBOUND(#338,.T.);
#340=IFCFACE((#339));
#341=IFCPOLYLOOP((#247,#268,#274,#272));
#342=IFCFACEOUTERBOUND(#341,.T.);
#343=IFCFACE((#342));
#344=IFCPOLYLOOP((#243,#244,#270,#269));
#345=IFCFACEOUTERBOUND(#344,.T.);
#346=IFCFACE((#345));
#347=IFCPOLYLOOP((#268,#267,#273,#274));
#348=IFCFACEOUTERBOUND(#347,.T.);
#349=IFCFACE((#348));
#350=IFCPOLYLOOP((#245,#247,#272,#271));
#351=IFCFACEOUTERBOUND(#350,.T.);
#352=IFCFACE((#351));
#353=IFCCLOSEDSHELL((#280,#283,#286,#289,#292,#295,#304,#307,#310,#313,#316,#319,#322,#325,#334,#337,#343,#346,#349,#352));
#354=IFCFACETEDBREP(#353);
#355=IFCCLOSEDSHELL((#277,#298,#301,#328,#331,#340));
#356=IFCFACETEDBREP(#355);
#357=IFCSHAPEREPRESENTATION(#23,'Body','Brep',(#354,#356));
#358=IFCSURFACESTYLE('Frame',.BOTH.,(#359));
#359=IFCSURFACESTYLESHADING(#360);
#360=IFCCOLOURRGB($,0.042976561933755875,0.042976561933755875,0.042976561933755875);
#361=IFCMATERIAL('Framing');
#362=IFCPRESENTATIONSTYLEASSIGNMENT((#358));
#363=IFCSTYLEDITEM($,(#366),'Panel');
#364=IFCSTYLEDREPRESENTATION(#23,'Body',$,(#363));
#365=IFCMATERIALDEFINITIONREPRESENTATION($,$,(#364),#361);
#366=IFCSURFACESTYLE('Panel',.BOTH.,(#367));
#367=IFCSURFACESTYLESHADING(#368);
#368=IFCCOLOURRGB($,0.18447506427764893,0.18447501957416534,0.18447501957416534);
#369=IFCPRESENTATIONSTYLEASSIGNMENT((#366));
#370=IFCPRESENTATIONSTYLEASSIGNMENT((#358));
#371=IFCSTYLEDITEM(#354,(#370),'Frame');
#372=IFCPRESENTATIONSTYLEASSIGNMENT((#366));
#373=IFCSTYLEDITEM(#356,(#372),'Panel');
#374=IFCCARTESIANPOINT((0.,0.,0.));
#375=IFCDIRECTION((1.,0.,0.));
#376=IFCDIRECTION((0.,0.,1.));
#377=IFCAXIS2PLACEMENT3D(#374,#376,#375);
#378=IFCREPRESENTATIONMAP(#377,#357);
#379=IFCCARTESIANPOINT((0.96499991416931152,1.0200001001358032));
#380=IFCCARTESIANPOINT((0.96500003337860107,0.099999994039535522));
#381=IFCCARTESIANPOINT((0.92500001192092896,0.099999994039535522));
#382=IFCCARTESIANPOINT((0.92499995231628418,1.0200001001358032));
#383=IFCCARTESIANPOINT((0.96499991416931152,1.0200001001358032));
#384=IFCCARTESIANPOINT((0.84491580724716187,1.0121293067932129));
#385=IFCCARTESIANPOINT((0.7268863320350647,0.98865175247192383));
#386=IFCCARTESIANPOINT((0.61293107271194458,0.94996917247772217));
#387=IFCCARTESIANPOINT((0.50499975681304932,0.8967432975769043));
#388=IFCCARTESIANPOINT((0.40493923425674438,0.82988500595092773));
#389=IFCCARTESIANPOINT((0.31446146965026855,0.750538170337677));
#390=IFCCARTESIANPOINT((0.23511460423469543,0.66006040573120117));
#391=IFCCARTESIANPOINT((0.16825628280639648,0.55999982357025146));
#392=IFCCARTESIANPOINT((0.11503047496080399,0.45206856727600098));
#393=IFCCARTESIANPOINT((0.076347872614860535,0.33811330795288086));
#394=IFCCARTESIANPOINT((0.052870351821184158,0.2200838178396225));
#395=IFCCARTESIANPOINT((0.044999618083238602,0.099999688565731049));
#396=IFCPOLYLINE((#379,#380,#381,#382,#383,#384,#385,#386,#387,#388,#389,#390,#391,#392,#393,#394,#395));
#397=IFCCARTESIANPOINT((0.97000002861022949,0.054999992251396179));
#398=IFCCARTESIANPOINT((0.95500016212463379,0.054999992251396179));
#399=IFCCARTESIANPOINT((0.95500016212463379,0.));
#400=IFCCARTESIANPOINT((1.0100003480911255,0.));
#401=IFCCARTESIANPOINT((1.0100003480911255,0.099999994039535522));
#402=IFCCARTESIANPOINT((0.97000002861022949,0.099999994039535522));
#403=IFCCARTESIANPOINT((0.97000002861022949,0.054999992251396179));
#404=IFCPOLYLINE((#397,#398,#399,#400,#401,#402,#403));
#405=IFCCARTESIANPOINT((0.,0.));
#406=IFCCARTESIANPOINT((0.,0.099999994039535522));
#407=IFCCARTESIANPOINT((0.039999991655349731,0.099999994039535522));
#408=IFCCARTESIANPOINT((0.039999991655349731,0.054999992251396179));
#409=IFCCARTESIANPOINT((0.055000007152557373,0.054999992251396179));
#410=IFCCARTESIANPOINT((0.055000007152557373,0.));
#411=IFCCARTESIANPOINT((0.,0.));
#412=IFCPOLYLINE((#405,#406,#407,#408,#409,#410,#411));
#413=IFCGEOMETRICCURVESET((#396,#404,#412));
#414=IFCSHAPEREPRESENTATION(#24,'Body','Annotation2D',(#413));
#415=IFCCARTESIANPOINT((0.,0.,0.));
#416=IFCDIRECTION((1.,0.,0.));
#417=IFCDIRECTION((0.,0.,1.));
#418=IFCAXIS2PLACEMENT3D(#415,#417,#416);
#419=IFCREPRESENTATIONMAP(#418,#414);
#420=IFCOWNERHISTORY(#3,#240,.READWRITE.,.MODIFIED.,1784292096,#3,#240,1784292096);
#421=IFCFURNITURETYPE('02XxQ_3oT0SPrmFPATrt7o',#420,'BUN01',$,$,$,(#2943,#3024),$,$,.NOTDEFINED.);
#422=IFCCARTESIANPOINT((-0.075764268636703491,-0.01216948963701725,0.22066208720207214));
#423=IFCCARTESIANPOINT((-0.10525502264499664,-0.014106946997344494,0.23090654611587524));
#424=IFCCARTESIANPOINT((-0.16403847932815552,-0.096257179975509644,0.26320105791091919));
#425=IFCCARTESIANPOINT((-0.014968311414122581,-0.043448235839605331,0.22866454720497131));
#426=IFCCARTESIANPOINT((-0.042669322341680527,-0.012022865936160088,0.22233434021472931));
#427=IFCCARTESIANPOINT((0.078899256885051727,-0.076734945178031921,0.17371402680873871));
#428=IFCCARTESIANPOINT((0.095371536910533905,-0.040921267122030258,0.16986283659934998));
#429=IFCCARTESIANPOINT((-0.071977235376834869,-0.094960831105709076,0.17176325619220734));
#430=IFCCARTESIANPOINT((0.073553569614887238,-0.04621114581823349,0.19932860136032104));
#431=IFCCARTESIANPOINT((-0.16024585068225861,0.039746616035699844,0.29853358864784241));
#432=IFCCARTESIANPOINT((0.10673067718744278,-0.012497538700699806,0.13867686688899994));
#433=IFCCARTESIANPOINT((0.013965139165520668,-0.042304534465074539,0.22946122288703918));
#434=IFCCARTESIANPOINT((0.096723563969135284,-0.014441845938563347,0.16811130940914154));
#435=IFCCARTESIANPOINT((-0.21992772817611694,-0.041420534253120422,0.23905359208583832));
#436=IFCCARTESIANPOINT((-0.19818499684333801,-0.074213609099388123,0.17266835272312164));
#437=IFCCARTESIANPOINT((-0.16216719150543213,-0.043449882417917252,0.28956878185272217));
#438=IFCCARTESIANPOINT((-0.18980929255485535,-0.07169477641582489,0.28171378374099731));
#439=IFCCARTESIANPOINT((0.015229872427880764,-0.084979444742202759,0.20526841282844543));
#440=IFCCARTESIANPOINT((-0.12351319938898087,-0.045296106487512589,0.26471677422523499));
#441=IFCCARTESIANPOINT((-0.18862918019294739,-0.1191355437040329,0.23310156166553497));
#442=IFCCARTESIANPOINT((-0.013021809048950672,-0.065114542841911316,0.22295473515987396));
#443=IFCCARTESIANPOINT((-0.19687685370445251,0.011978214606642723,0.13869889080524445));
#444=IFCCARTESIANPOINT((0.043160196393728256,-0.045162014663219452,0.22145189344882965));
#445=IFCCARTESIANPOINT((-0.21607552468776703,-0.016599427908658981,0.2049681544303894));
#446=IFCCARTESIANPOINT((-0.058282177895307541,0.02241603285074234,0.33180037140846252));
#447=IFCCARTESIANPOINT((-0.19082361459732056,-0.10244523733854294,0.26016488671302795));
#448=IFCCARTESIANPOINT((-0.043138083070516586,-0.099196448922157288,0.1769757866859436));
#449=IFCCARTESIANPOINT((-0.052268609404563904,0.049436695873737335,0.35123297572135925));
#450=IFCCARTESIANPOINT((-0.089593872427940369,0.032213013619184494,0.31868958473205566));
#451=IFCCARTESIANPOINT((0.013082567602396011,-0.066855534911155701,0.22306272387504578));
#452=IFCCARTESIANPOINT((-0.10614596307277679,-0.041513059288263321,0.2288246750831604));
#453=IFCCARTESIANPOINT((0.044865764677524567,-0.077678047120571136,0.20366719365119934));
#454=IFCCARTESIANPOINT((-0.10371295362710953,-0.003667495446279645,0.31438538432121277));
#455=IFCCARTESIANPOINT((-0.21360756456851959,-0.016971135511994362,0.23358120024204254));
#456=IFCCARTESIANPOINT((-0.13898938894271851,-0.07493031769990921,0.26505002379417419));
#457=IFCCARTESIANPOINT((0.1057693213224411,-0.041565887629985809,0.13869789242744446));
#458=IFCCARTESIANPOINT((0.099207282066345215,-0.067760713398456573,0.13867975771427155));
#459=IFCCARTESIANPOINT((-0.13568064570426941,-0.040240947157144547,0.28789660334587097));
#460=IFCCARTESIANPOINT((-0.17496183514595032,-0.042518109083175659,0.074328109622001648));
#461=IFCCARTESIANPOINT((-0.16195474565029144,-0.012931450270116329,0.28954055905342102));
#462=IFCCARTESIANPOINT((-0.20862850546836853,-0.10341878235340118,0.20152777433395386));
#463=IFCCARTESIANPOINT((0.064003132283687592,-0.067703455686569214,0.19790099561214447));
#464=IFCCARTESIANPOINT((0.10017261654138565,0.012653796002268791,0.13870866596698761));
#465=IFCCARTESIANPOINT((-0.16861595213413239,0.048218555748462677,0.30722576379776001));
#466=IFCCARTESIANPOINT((-0.014069119468331337,-0.084714606404304504,0.20553299784660339));
#467=IFCCARTESIANPOINT((0.070249207317829132,-0.10204678773880005,0.13858231902122498));
#468=IFCCARTESIANPOINT((-0.18121381103992462,0.099205672740936279,0.32806563377380371));
#469=IFCCARTESIANPOINT((-0.01520216092467308,-0.11215637624263763,0.018388565629720688));
#470=IFCCARTESIANPOINT((0.016212407499551773,-0.11121650040149689,0.02182779461145401));
#471=IFCCARTESIANPOINT((-0.13374704122543335,-0.015991134569048882,0.29062491655349731));
#472=IFCCARTESIANPOINT((-0.2165619432926178,-0.070933029055595398,0.20272865891456604));
#473=IFCCARTESIANPOINT((-0.042724214494228363,-0.042630083858966827,0.22201718389987946));
#474=IFCCARTESIANPOINT((-0.15912410616874695,-0.073881879448890686,0.28384724259376526));
#475=IFCCARTESIANPOINT((-0.10395654290914536,0.015477923676371574,0.32018128037452698));
#476=IFCCARTESIANPOINT((-0.13698209822177887,-0.10232190787792206,0.01944354735314846));
#477=IFCCARTESIANPOINT((-0.18368490040302277,0.039627186954021454,0.29515922069549561));
#478=IFCCARTESIANPOINT((-0.10792891681194305,-0.010153891518712044,0.29113548994064331));
#479=IFCCARTESIANPOINT((-0.10388674587011337,-0.10183699429035187,0.018010446801781654));
#480=IFCCARTESIANPOINT((-0.046116136014461517,-0.11921937763690948,0.13896723091602325));
#481=IFCCARTESIANPOINT((-0.046134073287248611,-0.061420276761054993,0.21500451862812042));
#482=IFCCARTESIANPOINT((-0.21132971346378326,-0.01697327196598053,0.13869249820709229));
#483=IFCCARTESIANPOINT((-0.16582587361335754,0.017003398388624191,0.29436516761779785));
#484=IFCCARTESIANPOINT((-0.16292682290077209,0.016753595322370529,0.25908666849136353));
#485=IFCCARTESIANPOINT((0.04460572823882103,-0.098553180694580078,0.17138248682022095));
#486=IFCCARTESIANPOINT((-0.083408229053020477,0.0033546374179422855,0.31555348634719849));
#487=IFCCARTESIANPOINT((-0.15971240401268005,0.024722501635551453,0.1976117342710495));
#488=IFCCARTESIANPOINT((-0.16489240527153015,0.10503272712230682,0.32282084226608276));
#489=IFCCARTESIANPOINT((-0.21514898538589478,-0.046240467578172684,0.26626971364021301));
#490=IFCCARTESIANPOINT((0.074162483215332031,0.041457470506429672,0.1387869119644165));
#491=IFCCARTESIANPOINT((0.014203114435076714,-0.10544788837432861,0.17047810554504395));
#492=IFCCARTESIANPOINT((0.014169003814458847,-0.013189514167606831,0.22920854389667511));
#493=IFCCARTESIANPOINT((0.043320551514625549,-0.10163420438766479,0.017849922180175781));
#494=IFCCARTESIANPOINT((-0.19483163952827454,0.0085588712245225906,0.19867131114006042));
#495=IFCCARTESIANPOINT((-0.19007124006748199,0.0083788605406880379,0.26385936141014099));
#496=IFCCARTESIANPOINT((0.014639651402831078,0.050356257706880569,0.17133095860481262));
#497=IFCCARTESIANPOINT((-0.046632800251245499,-0.078941740095615387,0.20332324504852295));
#498=IFCCARTESIANPOINT((-0.014226747676730156,-0.015765171498060226,0.22864143550395966));
#499=IFCCARTESIANPOINT((-0.21427299082279205,-0.070050008594989777,0.25854414701461792));
#500=IFCCARTESIANPOINT((-0.01873774453997612,0.023486929014325142,0.21153956651687622));
#501=IFCCARTESIANPOINT((-0.16909052431583405,0.13041937351226807,0.34345537424087524));
#502=IFCCARTESIANPOINT((-0.073084034025669098,-0.058521389961242676,0.21125213801860809));
#503=IFCCARTESIANPOINT((-0.21153385937213898,-0.042905610054731369,0.13871577382087708));
#504=IFCCARTESIANPOINT((-0.073917791247367859,0.015437621623277664,0.21000826358795166));
#505=IFCCARTESIANPOINT((-0.073777899146080017,-0.073588274419307709,0.20062753558158875));
#506=IFCCARTESIANPOINT((-0.18626792728900909,-0.12116733938455582,0.2059861421585083));
#507=IFCCARTESIANPOINT((0.089287072420120239,0.016337241977453232,0.16756914556026459));
#508=IFCCARTESIANPOINT((-0.16379629075527191,0.038795299828052521,0.13864108920097351));
#509=IFCCARTESIANPOINT((-0.19759425520896912,-0.07469642162322998,0.13866886496543884));
#510=IFCCARTESIANPOINT((-0.15758010745048523,0.13261689245700836,0.32851296663284302));
#511=IFCCARTESIANPOINT((-0.073507770895957947,0.039300441741943359,0.32634150981903076));
#512=IFCCARTESIANPOINT((-0.13343264162540436,-0.080039069056510925,0.24014727771282196));
#513=IFCCARTESIANPOINT((-0.16164277493953705,-0.10751291364431381,0.23531784117221832));
#514=IFCCARTESIANPOINT((-0.10318702459335327,0.015148911625146866,0.29331681132316589));
#515=IFCCARTESIANPOINT((-0.13125789165496826,-0.096252456307411194,0.088308036327362061));
#516=IFCCARTESIANPOINT((-0.097748041152954102,0.054015122354030609,0.13888265192508698));
#517=IFCCARTESIANPOINT((-0.015323237515985966,-0.12871652841567993,0.13833434879779816));
#518=IFCCARTESIANPOINT((0.10282081365585327,-0.07208629697561264,0.078216835856437683));
#519=IFCCARTESIANPOINT((0.069174230098724365,0.0096155274659395218,0.19684813916683197));
#520=IFCCARTESIANPOINT((-0.078486494719982147,-0.10470730066299438,0.024442100897431374));
#521=IFCCARTESIANPOINT((-0.12938742339611053,-0.083772629499435425,0.2017112672328949));
#522=IFCCARTESIANPOINT((0.1002851277589798,0.014763196930289268,0.10675005614757538));
#523=IFCCARTESIANPOINT((0.072527423501014709,-0.073350325226783752,0.016290467232465744));
#524=IFCCARTESIANPOINT((0.090794503688812256,-0.063199639320373535,0.16682054102420807));
#525=IFCCARTESIANPOINT((-0.068585038185119629,0.068806946277618408,0.13825522363185883));
#526=IFCCARTESIANPOINT((-0.043027706444263458,-0.10775761306285858,0.022122398018836975));
#527=IFCCARTESIANPOINT((0.10244959592819214,-0.065074339509010315,0.027808781713247299));
#528=IFCCARTESIANPOINT((-0.012322834692895412,-0.12891632318496704,0.051686987280845642));
#529=IFCCARTESIANPOINT((0.013316845521330833,-0.12636767327785492,0.049701329320669174));
#530=IFCCARTESIANPOINT((-0.21143673360347748,-0.04257781058549881,0.17100805044174194));
#531=IFCCARTESIANPOINT((-0.13512837886810303,-0.073744051158428192,0.028781833127140999));
#532=IFCCARTESIANPOINT((-0.071349337697029114,-0.097492806613445282,0.048680767416954041));
#533=IFCCARTESIANPOINT((-0.014454536139965057,-0.10740352421998978,0.16953352093696594));
#534=IFCCARTESIANPOINT((-0.052020065486431122,-0.10645835101604462,0.046862602233886719));
#535=IFCCARTESIANPOINT((-0.038342230021953583,-0.12189947068691254,0.053789824247360229));
#536=IFCCARTESIANPOINT((-0.13530349731445312,0.0047236056998372078,0.26940667629241943));
#537=IFCCARTESIANPOINT((-0.22201277315616608,-0.043585158884525299,0.20195105671882629));
#538=IFCCARTESIANPOINT((-0.15015283226966858,0.070691615343093872,0.29622679948806763));
#539=IFCCARTESIANPOINT((-0.20523212850093842,-0.053012873977422714,0.17249298095703125));
#540=IFCCARTESIANPOINT((0.081506751477718353,-0.084267169237136841,0.046302348375320435));
#541=IFCCARTESIANPOINT((0.10191743075847626,-0.074442267417907715,0.051159016788005829));
#542=IFCCARTESIANPOINT((-0.10416263341903687,-0.076946698129177094,0.19730021059513092));
#543=IFCCARTESIANPOINT((-0.16517552733421326,0.10039269179105759,0.29582810401916504));
#544=IFCCARTESIANPOINT((0.062447488307952881,-0.091415859758853912,0.17222362756729126));
#545=IFCCARTESIANPOINT((-0.069627039134502411,0.037187956273555756,0.34510436654090881));
#546=IFCCARTESIANPOINT((-0.12909691035747528,-0.071584239602088928,0.053236216306686401));
#547=IFCCARTESIANPOINT((-0.10222971439361572,-0.091847240924835205,0.05002700537443161));
#548=IFCCARTESIANPOINT((0.032824359834194183,-0.062863022089004517,0.21984750032424927));
#549=IFCCARTESIANPOINT((-0.092939756810665131,-0.059812344610691071,0.21281439065933228));
#550=IFCCARTESIANPOINT((-0.14035141468048096,-0.065169602632522583,0.28168851137161255));
#551=IFCCARTESIANPOINT((-0.029917692765593529,0.064641207456588745,0.3456149697303772));
#552=IFCCARTESIANPOINT((-0.21033422648906708,-0.019161444157361984,0.17046841979026794));
#553=IFCCARTESIANPOINT((-0.18983559310436249,-0.014789946377277374,0.28466394543647766));
#554=IFCCARTESIANPOINT((-0.070606246590614319,-0.035313483327627182,0.21978363394737244));
#555=IFCCARTESIANPOINT((-0.19625069200992584,-0.0419037826359272,0.2860005795955658));
#556=IFCCARTESIANPOINT((-0.18928930163383484,0.015417193993926048,0.16726899147033691));
#557=IFCCARTESIANPOINT((-0.16549129784107208,0.11925313621759415,0.30915606021881104));
#558=IFCCARTESIANPOINT((-0.18871158361434937,-0.042254343628883362,0.085793145000934601));
#559=IFCCARTESIANPOINT((-0.13754981756210327,-0.017559442669153214,0.048555850982666016));
#560=IFCCARTESIANPOINT((-0.043932139873504639,0.018803592771291733,0.20958797633647919));
#561=IFCCARTESIANPOINT((-0.16614282131195068,0.043839089572429657,0.2692866325378418));
#562=IFCCARTESIANPOINT((-0.10065904259681702,0.02120504155755043,0.21069514751434326));
#563=IFCCARTESIANPOINT((-0.16552481055259705,0.068157464265823364,0.27510389685630798));
#564=IFCCARTESIANPOINT((-0.13191787898540497,-0.043231453746557236,0.046977858990430832));
#565=IFCCARTESIANPOINT((-0.039305612444877625,-0.12795625627040863,0.080524332821369171));
#566=IFCCARTESIANPOINT((-0.014829595573246479,-0.13446485996246338,0.078124076128005981));
#567=IFCCARTESIANPOINT((0.015651581808924675,-0.13201251626014709,0.077567555010318756));
#568=IFCCARTESIANPOINT((0.12868037819862366,-0.063855484127998352,0.048698015511035919));
#569=IFCCARTESIANPOINT((0.011726126074790955,-0.12689021229743958,0.13852187991142273));
#570=IFCCARTESIANPOINT((-0.10466920584440231,-0.097371205687522888,0.078620947897434235));
#571=IFCCARTESIANPOINT((-0.072280377149581909,-0.099461384117603302,0.07824370265007019));
#572=IFCCARTESIANPOINT((-0.090097695589065552,0.028924979269504547,0.30452710390090942));
#573=IFCCARTESIANPOINT((-0.1316659152507782,-0.080533765256404877,0.072933748364448547));
#574=IFCCARTESIANPOINT((-0.17888680100440979,0.01275222934782505,0.28827843070030212));
#575=IFCCARTESIANPOINT((-0.13190676271915436,0.021608486771583557,0.21198642253875732));
#576=IFCCARTESIANPOINT((0.043891087174415588,0.044665221124887466,0.17003519833087921));
#577=IFCCARTESIANPOINT((0.12684227526187897,-0.062089189887046814,0.072024457156658173));
#578=IFCCARTESIANPOINT((-0.18145854771137238,0.072002008557319641,0.30515855550765991));
#579=IFCCARTESIANPOINT((-0.1053595170378685,0.01068674772977829,0.22220513224601746));
#580=IFCCARTESIANPOINT((-0.075568191707134247,-0.1056242436170578,0.10775239020586014));
#581=IFCCARTESIANPOINT((-0.13077105581760406,0.043674066662788391,0.17174920439720154));
#582=IFCCARTESIANPOINT((-0.133024662733078,0.049973726272583008,0.13867920637130737));
#583=IFCCARTESIANPOINT((-0.11655567586421967,-0.01635250449180603,0.26282572746276855));
#584=IFCCARTESIANPOINT((-0.19281311333179474,0.00962049700319767,0.22801180183887482));
#585=IFCCARTESIANPOINT((-0.099599495530128479,0.046363279223442078,0.1699194610118866));
#586=IFCCARTESIANPOINT((-0.015332854352891445,0.077565573155879974,0.1382807195186615));
#587=IFCCARTESIANPOINT((-0.014981144107878208,0.054450809955596924,0.17051419615745544));
#588=IFCCARTESIANPOINT((-0.077732682228088379,0.018959131091833115,0.29764273762702942));
#589=IFCCARTESIANPOINT((-0.042937848716974258,0.052638925611972809,0.1711936891078949));
#590=IFCCARTESIANPOINT((-0.21066805720329285,-0.093496181070804596,0.24589982628822327));
#591=IFCCARTESIANPOINT((-0.16240055859088898,0.019847765564918518,0.22333395481109619));
#592=IFCCARTESIANPOINT((0.11255617439746857,-0.041590593755245209,0.087884321808815002));
#593=IFCCARTESIANPOINT((-0.098499104380607605,0.034181393682956696,0.19681504368782043));
#594=IFCCARTESIANPOINT((-0.12541766464710236,0.0090764313936233521,0.2921866774559021));
#595=IFCCARTESIANPOINT((0.012728635221719742,0.071599513292312622,0.13879486918449402));
#596=IFCCARTESIANPOINT((-0.18446457386016846,-0.063567191362380981,0.091757819056510925));
#597=IFCCARTESIANPOINT((-0.15984590351581573,0.03497358039021492,0.27703738212585449));
#598=IFCCARTESIANPOINT((-0.1639542281627655,-0.073273241519927979,0.079649306833744049));
#599=IFCCARTESIANPOINT((-0.13022084534168243,0.047908123582601547,0.11101747304201126));
#600=IFCCARTESIANPOINT((-0.1056276261806488,-0.10325130820274353,0.10490759462118149));
#601=IFCCARTESIANPOINT((-0.044741299003362656,-0.13096630573272705,0.10582083463668823));
#602=IFCCARTESIANPOINT((-0.014589732512831688,-0.13766741752624512,0.10701083391904831));
#603=IFCCARTESIANPOINT((0.017725914716720581,-0.13368052244186401,0.11051332205533981));
#604=IFCCARTESIANPOINT((-0.20410780608654022,-0.015498636290431023,0.26576894521713257));
#605=IFCCARTESIANPOINT((-0.1636626124382019,-0.096314474940299988,0.1082480251789093));
#606=IFCCARTESIANPOINT((-0.13377468287944794,-0.10294634848833084,0.10877614468336105));
#607=IFCCARTESIANPOINT((-0.15265351533889771,-0.093793697655200958,0.011224430985748768));
#608=IFCCARTESIANPOINT((-0.16937419772148132,0.076907724142074585,0.31595915555953979));
#609=IFCCARTESIANPOINT((-0.15337011218070984,0.049544818699359894,0.28985559940338135));
#610=IFCCARTESIANPOINT((-0.14865180850028992,0.093517519533634186,0.30651676654815674));
#611=IFCCARTESIANPOINT((-0.16377431154251099,-0.10027961432933807,0.13870854675769806));
#612=IFCCARTESIANPOINT((-0.11478686332702637,-0.034975569695234299,0.25105983018875122));
#613=IFCCARTESIANPOINT((0.043521422892808914,-0.12300311774015427,0.10708916932344437));
#614=IFCCARTESIANPOINT((0.012256800197064877,0.023403245955705643,0.21289628744125366));
#615=IFCCARTESIANPOINT((-0.13291558623313904,-0.1051483079791069,0.13866636157035828));
#616=IFCCARTESIANPOINT((-0.10379643738269806,-0.10418801009654999,0.13867013156414032));
#617=IFCCARTESIANPOINT((-0.072159551084041595,-0.10598598420619965,0.13868197798728943));
#618=IFCCARTESIANPOINT((0.041295304894447327,-0.012358140200376511,0.22149606049060822));
#619=IFCCARTESIANPOINT((-0.069730058312416077,0.05071665346622467,0.17057833075523376));
#620=IFCCARTESIANPOINT((0.044103622436523438,-0.11485235393047333,0.1389354020357132));
#621=IFCCARTESIANPOINT((-0.012848839163780212,0.038897763937711716,0.19625267386436462));
#622=IFCCARTESIANPOINT((-0.12491617351770401,-0.0065954644232988358,0.30610641837120056));
#623=IFCCARTESIANPOINT((-0.21816185116767883,-0.071009561419487,0.23081484436988831));
#624=IFCCARTESIANPOINT((-0.16319760680198669,-0.09730113297700882,0.17360693216323853));
#625=IFCCARTESIANPOINT((-0.10625968873500824,-0.096056446433067322,0.16729409992694855));
#626=IFCCARTESIANPOINT((-0.13443931937217712,-0.099698133766651154,0.16496908664703369));
#627=IFCCARTESIANPOINT((-0.16057015955448151,-0.11072415113449097,0.20291900634765625));
#628=IFCCARTESIANPOINT((-0.12036575376987457,-0.0054943212307989597,0.25305065512657166));
#629=IFCCARTESIANPOINT((-0.13388374447822571,0.01060246117413044,0.23326064646244049));
#630=IFCCARTESIANPOINT((-0.036546412855386734,0.062771737575531006,0.35149842500686646));
#631=IFCCARTESIANPOINT((-0.069866277277469635,0.035712990909814835,0.30528181791305542));
#632=IFCCARTESIANPOINT((-0.1354479044675827,-0.087454982101917267,0.18423964083194733));
#633=IFCCARTESIANPOINT((-0.1128912940621376,0.0065799690783023834,0.27190843224525452));
#634=IFCCARTESIANPOINT((-0.049906931817531586,0.049813330173492432,0.32559448480606079));
#635=IFCCARTESIANPOINT((-0.13573843240737915,-0.1000068187713623,-7.4505805969238281E-09));
#636=IFCCARTESIANPOINT((0.012352395802736282,-0.10153196752071381,-7.4505805969238281E-09));
#637=IFCCARTESIANPOINT((-0.10293032974004745,-0.098727613687515259,-7.4505805969238281E-09));
#638=IFCCARTESIANPOINT((-0.15838310122489929,0.035397697240114212,0.1677623987197876));
#639=IFCCARTESIANPOINT((0.0585155189037323,-0.088726907968521118,0.016925729811191559));
#640=IFCCARTESIANPOINT((-0.20223616063594818,-0.044089179486036301,0.10778012126684189));
#641=IFCCARTESIANPOINT((0.12652799487113953,-0.042484518140554428,0.031791392713785172));
#642=IFCCARTESIANPOINT((0.044511586427688599,-0.11149084568023682,0.045238800346851349));
#643=IFCCARTESIANPOINT((0.01788577064871788,0.035926546901464462,0.19932875037193298));
#644=IFCCARTESIANPOINT((0.068533472716808319,-0.097868926823139191,0.053336590528488159));
#645=IFCCARTESIANPOINT((0.13848847150802612,-0.043241940438747406,0.049372870475053787));
#646=IFCCARTESIANPOINT((0.04065655916929245,0.062880277633666992,0.13853690028190613));
#647=IFCCARTESIANPOINT((0.08718118816614151,-0.087038710713386536,0.13869482278823853));
#648=IFCCARTESIANPOINT((-0.050523392856121063,0.030018245801329613,0.31342664361000061));
#649=IFCCARTESIANPOINT((0.043532431125640869,-0.11996390670537949,0.079212188720703125));
#650=IFCCARTESIANPOINT((0.072314232587814331,-0.10066010802984238,0.080147109925746918));
#651=IFCCARTESIANPOINT((0.088067606091499329,-0.086207315325737,0.078484445810317993));
#652=IFCCARTESIANPOINT((0.1362769603729248,-0.040564406663179398,0.078633114695549011));
#653=IFCCARTESIANPOINT((0.073530144989490509,0.046280417591333389,0.10518267005681992));
#654=IFCCARTESIANPOINT((-0.18078358471393585,0.12027263641357422,0.33598318696022034));
#655=IFCCARTESIANPOINT((-0.15580202639102936,-0.042164009064435959,0.062247276306152344));
#656=IFCCARTESIANPOINT((-0.19245125353336334,-0.073251098394393921,0.11268609017133713));
#657=IFCCARTESIANPOINT((0.031357906758785248,0.024013934656977654,0.20878469944000244));
#658=IFCCARTESIANPOINT((0.072888366878032684,-0.10351349413394928,0.10735029727220535));
#659=IFCCARTESIANPOINT((0.08850020170211792,-0.088567949831485748,0.10573930293321609));
#660=IFCCARTESIANPOINT((0.10079020261764526,-0.071325965225696564,0.10683286935091019));
#661=IFCCARTESIANPOINT((0.10943994671106339,-0.042697813361883163,0.10730064660310745));
#662=IFCCARTESIANPOINT((-0.18864569067955017,-0.016788497567176819,0.086734533309936523));
#663=IFCCARTESIANPOINT((-0.070942811667919159,0.03520163893699646,0.19365206360816956));
#664=IFCCARTESIANPOINT((-0.035719040781259537,0.061507299542427063,0.33572423458099365));
#665=IFCCARTESIANPOINT((0.044791128486394882,0.014411862939596176,-7.4505805969238281E-09));
#666=IFCCARTESIANPOINT((0.036986086517572403,0.036982819437980652,-7.4505805969238281E-09));
#667=IFCCARTESIANPOINT((0.046112943440675735,-0.074882104992866516,-7.4505805969238281E-09));
#668=IFCCARTESIANPOINT((0.10403165966272354,-0.013561108149588108,0.01488045509904623));
#669=IFCCARTESIANPOINT((0.0986066535115242,0.0066530667245388031,0.027150843292474747));
#670=IFCCARTESIANPOINT((0.1039605587720871,-0.042054206132888794,0.015069351531565189));
#671=IFCCARTESIANPOINT((0.12187493592500687,-0.014796282164752483,0.028262229636311531));
#672=IFCCARTESIANPOINT((0.069623030722141266,0.034055586904287338,0.16897678375244141));
#673=IFCCARTESIANPOINT((0.072920307517051697,0.015480482019484043,0.022627830505371094));
#674=IFCCARTESIANPOINT((-0.044537633657455444,0.074140913784503937,0.13918834924697876));
#675=IFCCARTESIANPOINT((0.046685803681612015,0.046007610857486725,0.019281636923551559));
#676=IFCCARTESIANPOINT((0.13246268033981323,-0.014768385328352451,0.079218864440917969));
#677=IFCCARTESIANPOINT((0.12397219985723495,0.0051988400518894196,0.047179434448480606));
#678=IFCCARTESIANPOINT((0.13483801484107971,-0.013569315895438194,0.047754302620887756));
#679=IFCCARTESIANPOINT((0.1015574187040329,0.015084236860275269,0.0500984787940979));
#680=IFCCARTESIANPOINT((-0.15144678950309753,0.12579809129238129,0.31827211380004883));
#681=IFCCARTESIANPOINT((0.082670360803604126,0.023927254602313042,0.046425729990005493));
#682=IFCCARTESIANPOINT((0.069340810179710388,0.043576501309871674,0.050089370459318161));
#683=IFCCARTESIANPOINT((-0.042087167501449585,0.038013186305761337,0.19347192347049713));
#684=IFCCARTESIANPOINT((-0.097103200852870941,0.061664186418056488,-7.4505805969238281E-09));
#685=IFCCARTESIANPOINT((-0.013096379116177559,0.064698226749897003,0.019751517102122307));
#686=IFCCARTESIANPOINT((-0.1571195125579834,0.0080316737294197083,-7.4505805969238281E-09));
#687=IFCCARTESIANPOINT((0.11360251903533936,-0.013203741982579231,0.087900876998901367));
#688=IFCCARTESIANPOINT((-0.069912314414978027,0.066078893840312958,0.019136946648359299));
#689=IFCCARTESIANPOINT((0.038932818919420242,0.035146746784448624,0.19437369704246521));
#690=IFCCARTESIANPOINT((0.076898850500583649,0.042041316628456116,0.078833237290382385));
#691=IFCCARTESIANPOINT((0.10157422721385956,0.013449816964566708,0.077325016260147095));
#692=IFCCARTESIANPOINT((0.12308096140623093,0.0039535481482744217,0.069424629211425781));
#693=IFCCARTESIANPOINT((-0.21196043491363525,-0.10220083594322205,0.22435654699802399));
#694=IFCCARTESIANPOINT((0.11018155515193939,-0.013625593855977058,0.10919634252786636));
#695=IFCCARTESIANPOINT((-0.10228259861469269,0.041438359767198563,0.019612405449151993));
#696=IFCCARTESIANPOINT((-0.17244529724121094,0.11539913713932037,0.34077101945877075));
#697=IFCCARTESIANPOINT((-0.18104864656925201,0.11236915737390518,0.34296378493309021));
#698=IFCCARTESIANPOINT((0.072526499629020691,-0.015285339206457138,0.20031921565532684));
#699=IFCCARTESIANPOINT((-0.18397887051105499,0.070939481258392334,0.31767681241035461));
#700=IFCCARTESIANPOINT((-0.15302838385105133,-0.038465742021799088,-7.4505805969238281E-09));
#701=IFCCARTESIANPOINT((-0.15463718771934509,-0.069122225046157837,-7.4505805969238281E-09));
#702=IFCCARTESIANPOINT((-0.15276530385017395,-0.073851056396961212,0.01526205986738205));
#703=IFCCARTESIANPOINT((-0.15324869751930237,-0.091928474605083466,-7.4505805969238281E-09));
#704=IFCCARTESIANPOINT((-0.16192090511322021,-0.014530248008668423,-7.4505805969238281E-09));
#705=IFCCARTESIANPOINT((-0.16107626259326935,-0.014927181415259838,0.017303576692938805));
#706=IFCCARTESIANPOINT((-0.139386385679245,-0.0480194091796875,0.020143253728747368));
#707=IFCCARTESIANPOINT((-0.15407682955265045,-0.033625885844230652,0.015456427820026875));
#708=IFCCARTESIANPOINT((-0.14174792170524597,-0.01585470512509346,0.028887439519166946));
#709=IFCCARTESIANPOINT((-0.056374344974756241,-0.10899654030799866,0.073737934231758118));
#710=IFCCARTESIANPOINT((-0.04616917297244072,0.089076623320579529,0.11014620214700699));
#711=IFCCARTESIANPOINT((-0.014641504734754562,0.051242686808109283,-7.4505805969238281E-09));
#712=IFCCARTESIANPOINT((-0.1565081775188446,0.0087232589721679688,0.01277476642280817));
#713=IFCCARTESIANPOINT((-0.093249447643756866,0.062288671731948853,0.015721501782536507));
#714=IFCCARTESIANPOINT((-0.13424199819564819,0.01805158331990242,0.022032404318451881));
#715=IFCCARTESIANPOINT((-0.07546195387840271,0.045553155243396759,0.050916288048028946));
#716=IFCCARTESIANPOINT((-0.1037018746137619,0.027351761236786842,0.051787473261356354));
#717=IFCCARTESIANPOINT((-0.13106697797775269,0.01152490172535181,0.052403893321752548));
#718=IFCCARTESIANPOINT((-0.062931016087532043,0.069223217666149139,0.053641617298126221));
#719=IFCCARTESIANPOINT((-0.13233558833599091,0.032287292182445526,0.19751612842082977));
#720=IFCCARTESIANPOINT((-0.045288898050785065,0.076020397245883942,0.047217298299074173));
#721=IFCCARTESIANPOINT((-0.16392612457275391,0.014242091216146946,0.082317456603050232));
#722=IFCCARTESIANPOINT((-0.17469170689582825,-0.013590028509497643,0.073650918900966644));
#723=IFCCARTESIANPOINT((-0.048640221357345581,0.084989830851554871,0.078817538917064667));
#724=IFCCARTESIANPOINT((-0.068951070308685303,0.070248566567897797,0.078427933156490326));
#725=IFCCARTESIANPOINT((-0.081015311181545258,0.049158450216054916,0.074898481369018555));
#726=IFCCARTESIANPOINT((-0.042974967509508133,0.06176198273897171,-7.4505805969238281E-09));
#727=IFCCARTESIANPOINT((0.034993737936019897,0.0064220409840345383,0.21914182603359222));
#728=IFCCARTESIANPOINT((-0.2023230642080307,-0.012263130396604538,0.10920864343643188));
#729=IFCCARTESIANPOINT((-0.18864616751670837,0.01489549782127142,0.10868358612060547));
#730=IFCCARTESIANPOINT((-0.074405290186405182,0.073566257953643799,0.10622222721576691));
#731=IFCCARTESIANPOINT((-0.16172915697097778,0.038199100643396378,0.10816650837659836));
#732=IFCCARTESIANPOINT((-0.10400860011577606,0.045392945408821106,-7.4505805969238281E-09));
#733=IFCCARTESIANPOINT((0.038838986307382584,0.0702219158411026,0.10972835123538971));
#734=IFCCARTESIANPOINT((-0.041257582604885101,0.068883657455444336,0.020463420078158379));
#735=IFCCARTESIANPOINT((-0.13260015845298767,0.016268383711576462,-7.4505805969238281E-09));
#736=IFCCARTESIANPOINT((0.041938424110412598,0.064372353255748749,0.048734202980995178));
#737=IFCCARTESIANPOINT((-0.023075569421052933,0.090297073125839233,0.1067967414855957));
#738=IFCCARTESIANPOINT((0.012268561869859695,0.050309188663959503,-7.4505805969238281E-09));
#739=IFCCARTESIANPOINT((0.04200294241309166,0.06809718906879425,0.078996323049068451));
#740=IFCCARTESIANPOINT((-0.013217585161328316,0.0062548909336328506,0.22230856120586395));
#741=IFCCARTESIANPOINT((0.014672304503619671,0.0072375703603029251,0.22327166795730591));
#742=IFCCARTESIANPOINT((0.072014905512332916,-0.012049002572894096,0.002315472811460495));
#743=IFCCARTESIANPOINT((0.013688700273633003,0.064237922430038452,0.026222294196486473));
#744=IFCCARTESIANPOINT((0.033619936555624008,0.0599825419485569,0.030163124203681946));
#745=IFCCARTESIANPOINT((0.015684610232710838,0.072612270712852478,0.049756746739149094));
#746=IFCCARTESIANPOINT((-0.013997345231473446,0.076657921075820923,0.047489698976278305));
#747=IFCCARTESIANPOINT((-0.016660183668136597,0.085770584642887115,0.079043559730052948));
#748=IFCCARTESIANPOINT((0.012741612270474434,0.078784503042697906,0.077618442475795746));
#749=IFCCARTESIANPOINT((-0.13732506334781647,0.022299863398075104,0.070947006344795227));
#750=IFCCARTESIANPOINT((-0.10306135565042496,0.039231970906257629,0.082869827747344971));
#751=IFCCARTESIANPOINT((-0.13301573693752289,0.03873911127448082,0.090441502630710602));
#752=IFCCARTESIANPOINT((-0.1519310474395752,0.032119162380695343,0.087871745228767395));
#753=IFCCARTESIANPOINT((0.012586923316121101,0.080663256347179413,0.10574278980493546));
#754=IFCCARTESIANPOINT((-0.09957420825958252,0.049370177090167999,0.10623229295015335));
#755=IFCCARTESIANPOINT((-0.074660375714302063,0.065608516335487366,-7.4505805969238281E-09));
#756=IFCCARTESIANPOINT((0.012295331805944443,0.017735980451107025,-7.4505805969238281E-09));
#757=IFCCARTESIANPOINT((-0.014693447388708591,0.026271101087331772,-7.4505805969238281E-09));
#758=IFCCARTESIANPOINT((-0.042937453836202621,0.029865169897675514,-7.4505805969238281E-09));
#759=IFCCARTESIANPOINT((-0.10321593284606934,0.013783566653728485,-7.4505805969238281E-09));
#760=IFCCARTESIANPOINT((0.04444224014878273,-0.012983635067939758,-7.4505805969238281E-09));
#761=IFCCARTESIANPOINT((-0.074651889503002167,0.0316607765853405,-7.4505805969238281E-09));
#762=IFCCARTESIANPOINT((0.012301836162805557,-0.012787679210305214,-7.4505805969238281E-09));
#763=IFCCARTESIANPOINT((-0.01472150906920433,-0.013324287720024586,-7.4505805969238281E-09));
#764=IFCCARTESIANPOINT((-0.10143004357814789,-0.014748100191354752,-7.4505805969238281E-09));
#765=IFCCARTESIANPOINT((-0.042921368032693863,-0.015100215561687946,-7.4505805969238281E-09));
#766=IFCCARTESIANPOINT((-0.13263094425201416,-0.01343875378370285,-7.4505805969238281E-09));
#767=IFCCARTESIANPOINT((-0.074647501111030579,-0.011157926172018051,-7.4505805969238281E-09));
#768=IFCCARTESIANPOINT((0.046194959431886673,-0.048381853848695755,-7.4505805969238281E-09));
#769=IFCCARTESIANPOINT((0.012302856892347336,-0.043156564235687256,-7.4505805969238281E-09));
#770=IFCCARTESIANPOINT((0.067694336175918579,-0.043998412787914276,0.0021392127964645624));
#771=IFCCARTESIANPOINT((-0.01472146064043045,-0.041930451989173889,-7.4505805969238281E-09));
#772=IFCCARTESIANPOINT((-0.042921368032693863,-0.042623061686754227,-7.4505805969238281E-09));
#773=IFCCARTESIANPOINT((-0.13439185917377472,-0.042099572718143463,-7.4505805969238281E-09));
#774=IFCCARTESIANPOINT((0.012300323694944382,-0.071424052119255066,-7.4505805969238281E-09));
#775=IFCCARTESIANPOINT((-0.014721766114234924,-0.07199406623840332,-7.4505805969238281E-09));
#776=IFCCARTESIANPOINT((-0.074647709727287292,-0.069838128983974457,-7.4505805969238281E-09));
#777=IFCCARTESIANPOINT((-0.042921368032693863,-0.07219289243221283,-7.4505805969238281E-09));
#778=IFCCARTESIANPOINT((-0.10114423185586929,-0.071869701147079468,-7.4505805969238281E-09));
#779=IFCCARTESIANPOINT((0.034795064479112625,-0.096686989068984985,-7.4505805969238281E-09));
#780=IFCCARTESIANPOINT((-0.13206708431243896,-0.072001732885837555,-7.4505805969238281E-09));
#781=IFCCARTESIANPOINT((-0.15954878926277161,-0.012505068443715572,0.061868898570537567));
#782=IFCCARTESIANPOINT((-0.016907110810279846,-0.10748592764139175,-7.4505805969238281E-09));
#783=IFCCARTESIANPOINT((-0.07463943213224411,-0.10357671976089478,-7.4505805969238281E-09));
#784=IFCCARTESIANPOINT((-0.042875751852989197,-0.10599634051322937,-7.4505805969238281E-09));
#785=IFCCARTESIANPOINT((-0.074647486209869385,-0.041812736541032791,-7.4505805969238281E-09));
#786=IFCCARTESIANPOINT((-0.10128894448280334,-0.04565112292766571,-7.4505805969238281E-09));
#787=IFCCARTESIANPOINT((0.061871238052845001,0.024527154862880707,0.19157718122005463));
#788=IFCCARTESIANPOINT((-0.047021679580211639,0.041471593081951141,0.34433230757713318));
#789=IFCCARTESIANPOINT((-0.035100199282169342,0.058260396122932434,0.35213139653205872));
#790=IFCCARTESIANPOINT((-0.043320570141077042,0.042272530496120453,0.32572698593139648));
#791=IFCCARTESIANPOINT((-0.033287845551967621,0.056865319609642029,0.33487105369567871));
#792=IFCCARTESIANPOINT((-0.078228592872619629,0.010980136692523956,0.33427751064300537));
#793=IFCCARTESIANPOINT((-0.061219789087772369,0.018510393798351288,0.30783212184906006));
#794=IFCCARTESIANPOINT((-0.087691977620124817,0.026863783597946167,0.33381503820419312));
#795=IFCCARTESIANPOINT((-0.075094908475875854,-0.0015898998826742172,0.21651217341423035));
#796=IFCCARTESIANPOINT((-0.043258458375930786,0.00072463066317141056,0.21738417446613312));
#797=IFCPOLYLOOP((#608,#699,#465));
#798=IFCFACEOUTERBOUND(#797,.T.);
#799=IFCFACE((#798));
#800=IFCPOLYLOOP((#442,#473,#481));
#801=IFCFACEOUTERBOUND(#800,.T.);
#802=IFCFACE((#801));
#803=IFCPOLYLOOP((#512,#521,#452));
#804=IFCFACEOUTERBOUND(#803,.T.);
#805=IFCFACE((#804));
#806=IFCPOLYLOOP((#583,#440,#612));
#807=IFCFACEOUTERBOUND(#806,.T.);
#808=IFCFACE((#807));
#809=IFCPOLYLOOP((#709,#601,#580));
#810=IFCFACEOUTERBOUND(#809,.T.);
#811=IFCFACE((#810));
#812=IFCPOLYLOOP((#662,#640,#728));
#813=IFCFACEOUTERBOUND(#812,.T.);
#814=IFCFACE((#813));
#815=IFCPOLYLOOP((#475,#514,#594));
#816=IFCFACEOUTERBOUND(#815,.T.);
#817=IFCFACE((#816));
#818=IFCPOLYLOOP((#481,#466,#442));
#819=IFCFACEOUTERBOUND(#818,.T.);
#820=IFCFACE((#819));
#821=IFCPOLYLOOP((#479,#531,#476));
#822=IFCFACEOUTERBOUND(#821,.T.);
#823=IFCFACE((#822));
#824=IFCPOLYLOOP((#485,#439,#491));
#825=IFCFACEOUTERBOUND(#824,.T.);
#826=IFCFACE((#825));
#827=IFCPOLYLOOP((#423,#628,#583));
#828=IFCFACEOUTERBOUND(#827,.T.);
#829=IFCFACE((#828));
#830=IFCPOLYLOOP((#431,#597,#609));
#831=IFCFACEOUTERBOUND(#830,.T.);
#832=IFCFACE((#831));
#833=IFCPOLYLOOP((#526,#535,#534));
#834=IFCFACEOUTERBOUND(#833,.T.);
#835=IFCFACE((#834));
#836=IFCPOLYLOOP((#641,#527,#670));
#837=IFCFACEOUTERBOUND(#836,.T.);
#838=IFCFACE((#837));
#839=IFCPOLYLOOP((#673,#742,#665));
#840=IFCFACEOUTERBOUND(#839,.T.);
#841=IFCFACE((#840));
#842=IFCPOLYLOOP((#583,#478,#440));
#843=IFCFACEOUTERBOUND(#842,.T.);
#844=IFCFACE((#843));
#845=IFCPOLYLOOP((#645,#568,#641));
#846=IFCFACEOUTERBOUND(#845,.T.);
#847=IFCFACE((#846));
#848=IFCPOLYLOOP((#511,#794,#545));
#849=IFCFACEOUTERBOUND(#848,.T.);
#850=IFCFACE((#849));
#851=IFCPOLYLOOP((#491,#620,#485));
#852=IFCFACEOUTERBOUND(#851,.T.);
#853=IFCFACE((#852));
#854=IFCPOLYLOOP((#677,#669,#679));
#855=IFCFACEOUTERBOUND(#854,.T.);
#856=IFCFACE((#855));
#857=IFCPOLYLOOP((#536,#633,#628));
#858=IFCFACEOUTERBOUND(#857,.T.);
#859=IFCFACE((#858));
#860=IFCPOLYLOOP((#524,#457,#428));
#861=IFCFACEOUTERBOUND(#860,.T.);
#862=IFCFACE((#861));
#863=IFCPOLYLOOP((#492,#727,#741));
#864=IFCFACEOUTERBOUND(#863,.T.);
#865=IFCFACE((#864));
#866=IFCPOLYLOOP((#718,#688,#715));
#867=IFCFACEOUTERBOUND(#866,.T.);
#868=IFCFACE((#867));
#869=IFCPOLYLOOP((#478,#471,#440));
#870=IFCFACEOUTERBOUND(#869,.T.);
#871=IFCFACE((#870));
#872=IFCPOLYLOOP((#538,#465,#609));
#873=IFCFACEOUTERBOUND(#872,.T.);
#874=IFCFACE((#873));
#875=IFCPOLYLOOP((#483,#477,#574));
#876=IFCFACEOUTERBOUND(#875,.T.);
#877=IFCFACE((#876));
#878=IFCPOLYLOOP((#527,#568,#541));
#879=IFCFACEOUTERBOUND(#878,.T.);
#880=IFCFACE((#879));
#881=IFCPOLYLOOP((#675,#665,#666));
#882=IFCFACEOUTERBOUND(#881,.T.);
#883=IFCFACE((#882));
#884=IFCPOLYLOOP((#629,#628,#423));
#885=IFCFACEOUTERBOUND(#884,.T.);
#886=IFCFACE((#885));
#887=IFCPOLYLOOP((#677,#678,#671));
#888=IFCFACEOUTERBOUND(#887,.T.);
#889=IFCFACE((#888));
#890=IFCPOLYLOOP((#624,#626,#632));
#891=IFCFACEOUTERBOUND(#890,.T.);
#892=IFCFACE((#891));
#893=IFCPOLYLOOP((#477,#699,#578));
#894=IFCFACEOUTERBOUND(#893,.T.);
#895=IFCFACE((#894));
#896=IFCPOLYLOOP((#524,#428,#430));
#897=IFCFACEOUTERBOUND(#896,.T.);
#898=IFCFACE((#897));
#899=IFCPOLYLOOP((#484,#561,#597));
#900=IFCFACEOUTERBOUND(#899,.T.);
#901=IFCFACE((#900));
#902=IFCPOLYLOOP((#436,#530,#539));
#903=IFCFACEOUTERBOUND(#902,.T.);
#904=IFCFACE((#903));
#905=IFCPOLYLOOP((#480,#580,#601));
#906=IFCFACEOUTERBOUND(#905,.T.);
#907=IFCFACE((#906));
#908=IFCPOLYLOOP((#579,#575,#629));
#909=IFCFACEOUTERBOUND(#908,.T.);
#910=IFCFACE((#909));
#911=IFCPOLYLOOP((#721,#662,#729));
#912=IFCFACEOUTERBOUND(#911,.T.);
#913=IFCFACE((#912));
#914=IFCPOLYLOOP((#444,#453,#463));
#915=IFCFACEOUTERBOUND(#914,.T.);
#916=IFCFACE((#915));
#917=IFCPOLYLOOP((#465,#699,#477));
#918=IFCFACEOUTERBOUND(#917,.T.);
#919=IFCFACE((#918));
#920=IFCPOLYLOOP((#610,#680,#488));
#921=IFCFACEOUTERBOUND(#920,.T.);
#922=IFCFACE((#921));
#923=IFCPOLYLOOP((#730,#725,#754));
#924=IFCFACEOUTERBOUND(#923,.T.);
#925=IFCFACE((#924));
#926=IFCPOLYLOOP((#557,#510,#680));
#927=IFCFACEOUTERBOUND(#926,.T.);
#928=IFCFACE((#927));
#929=IFCPOLYLOOP((#452,#612,#440));
#930=IFCFACEOUTERBOUND(#929,.T.);
#931=IFCFACE((#930));
#932=IFCPOLYLOOP((#716,#725,#715));
#933=IFCFACEOUTERBOUND(#932,.T.);
#934=IFCFACE((#933));
#935=IFCPOLYLOOP((#471,#459,#440));
#936=IFCFACEOUTERBOUND(#935,.T.);
#937=IFCFACE((#936));
#938=IFCPOLYLOOP((#465,#483,#431));
#939=IFCFACEOUTERBOUND(#938,.T.);
#940=IFCFACE((#939));
#941=IFCPOLYLOOP((#790,#446,#648));
#942=IFCFACEOUTERBOUND(#941,.T.);
#943=IFCFACE((#942));
#944=IFCPOLYLOOP((#557,#468,#654));
#945=IFCFACEOUTERBOUND(#944,.T.);
#946=IFCFACE((#945));
#947=IFCPOLYLOOP((#454,#475,#622));
#948=IFCFACEOUTERBOUND(#947,.T.);
#949=IFCFACE((#948));
#950=IFCPOLYLOOP((#754,#725,#750));
#951=IFCFACEOUTERBOUND(#950,.T.);
#952=IFCFACE((#951));
#953=IFCPOLYLOOP((#702,#531,#706));
#954=IFCFACEOUTERBOUND(#953,.T.);
#955=IFCFACE((#954));
#956=IFCPOLYLOOP((#696,#501,#697));
#957=IFCFACEOUTERBOUND(#956,.T.);
#958=IFCFACE((#957));
#959=IFCPOLYLOOP((#540,#527,#541));
#960=IFCFACEOUTERBOUND(#959,.T.);
#961=IFCFACE((#960));
#962=IFCPOLYLOOP((#697,#501,#654));
#963=IFCFACEOUTERBOUND(#962,.T.);
#964=IFCFACE((#963));
#965=IFCPOLYLOOP((#653,#739,#733));
#966=IFCFACEOUTERBOUND(#965,.T.);
#967=IFCFACE((#966));
#968=IFCPOLYLOOP((#629,#484,#536));
#969=IFCFACEOUTERBOUND(#968,.T.);
#970=IFCFACE((#969));
#971=IFCPOLYLOOP((#571,#709,#580));
#972=IFCFACEOUTERBOUND(#971,.T.);
#973=IFCFACE((#972));
#974=IFCPOLYLOOP((#707,#708,#705));
#975=IFCFACEOUTERBOUND(#974,.T.);
#976=IFCFACE((#975));
#977=IFCPOLYLOOP((#707,#706,#708));
#978=IFCFACEOUTERBOUND(#977,.T.);
#979=IFCFACE((#978));
#980=IFCPOLYLOOP((#706,#707,#700));
#981=IFCFACEOUTERBOUND(#980,.T.);
#982=IFCFACE((#981));
#983=IFCPOLYLOOP((#660,#592,#661));
#984=IFCFACEOUTERBOUND(#983,.T.);
#985=IFCFACE((#984));
#986=IFCPOLYLOOP((#654,#468,#697));
#987=IFCFACEOUTERBOUND(#986,.T.);
#988=IFCFACE((#987));
#989=IFCPOLYLOOP((#545,#634,#511));
#990=IFCFACEOUTERBOUND(#989,.T.);
#991=IFCFACE((#990));
#992=IFCPOLYLOOP((#578,#699,#468));
#993=IFCFACEOUTERBOUND(#992,.T.);
#994=IFCFACE((#993));
#995=IFCPOLYLOOP((#608,#468,#578));
#996=IFCFACEOUTERBOUND(#995,.T.);
#997=IFCFACE((#996));
#998=IFCPOLYLOOP((#689,#496,#643));
#999=IFCFACEOUTERBOUND(#998,.T.);
#1000=IFCFACE((#999));
#1001=IFCPOLYLOOP((#522,#690,#653));
#1002=IFCFACEOUTERBOUND(#1001,.T.);
#1003=IFCFACE((#1002));
#1004=IFCPOLYLOOP((#698,#428,#434));
#1005=IFCFACEOUTERBOUND(#1004,.T.);
#1006=IFCFACE((#1005));
#1007=IFCPOLYLOOP((#561,#484,#495));
#1008=IFCFACEOUTERBOUND(#1007,.T.);
#1009=IFCFACE((#1008));
#1010=IFCPOLYLOOP((#561,#495,#477));
#1011=IFCFACEOUTERBOUND(#1010,.T.);
#1012=IFCFACE((#1011));
#1013=IFCPOLYLOOP((#495,#574,#477));
#1014=IFCFACEOUTERBOUND(#1013,.T.);
#1015=IFCFACE((#1014));
#1016=IFCPOLYLOOP((#478,#622,#471));
#1017=IFCFACEOUTERBOUND(#1016,.T.);
#1018=IFCFACE((#1017));
#1019=IFCPOLYLOOP((#741,#657,#614));
#1020=IFCFACEOUTERBOUND(#1019,.T.);
#1021=IFCFACE((#1020));
#1022=IFCPOLYLOOP((#643,#657,#689));
#1023=IFCFACEOUTERBOUND(#1022,.T.);
#1024=IFCFACE((#1023));
#1025=IFCPOLYLOOP((#594,#471,#622));
#1026=IFCFACEOUTERBOUND(#1025,.T.);
#1027=IFCFACE((#1026));
#1028=IFCPOLYLOOP((#720,#688,#718));
#1029=IFCFACEOUTERBOUND(#1028,.T.);
#1030=IFCFACE((#1029));
#1031=IFCPOLYLOOP((#583,#633,#478));
#1032=IFCFACEOUTERBOUND(#1031,.T.);
#1033=IFCFACE((#1032));
#1034=IFCPOLYLOOP((#629,#536,#628));
#1035=IFCFACEOUTERBOUND(#1034,.T.);
#1036=IFCFACE((#1035));
#1037=IFCPOLYLOOP((#688,#713,#695));
#1038=IFCFACEOUTERBOUND(#1037,.T.);
#1039=IFCFACE((#1038));
#1040=IFCPOLYLOOP((#519,#618,#698));
#1041=IFCFACEOUTERBOUND(#1040,.T.);
#1042=IFCFACE((#1041));
#1043=IFCPOLYLOOP((#716,#749,#750));
#1044=IFCFACEOUTERBOUND(#1043,.T.);
#1045=IFCFACE((#1044));
#1046=IFCPOLYLOOP((#579,#629,#423));
#1047=IFCFACEOUTERBOUND(#1046,.T.);
#1048=IFCFACE((#1047));
#1049=IFCPOLYLOOP((#622,#478,#454));
#1050=IFCFACEOUTERBOUND(#1049,.T.);
#1051=IFCFACE((#1050));
#1052=IFCPOLYLOOP((#608,#468,#699));
#1053=IFCFACEOUTERBOUND(#1052,.T.);
#1054=IFCFACE((#1053));
#1055=IFCPOLYLOOP((#662,#728,#729));
#1056=IFCFACEOUTERBOUND(#1055,.T.);
#1057=IFCFACE((#1056));
#1058=IFCPOLYLOOP((#756,#738,#666));
#1059=IFCFACEOUTERBOUND(#1058,.T.);
#1060=IFCFACE((#1059));
#1061=IFCPOLYLOOP((#749,#751,#750));
#1062=IFCFACEOUTERBOUND(#1061,.T.);
#1063=IFCFACE((#1062));
#1064=IFCPOLYLOOP((#505,#549,#542));
#1065=IFCFACEOUTERBOUND(#1064,.T.);
#1066=IFCFACE((#1065));
#1067=IFCPOLYLOOP((#752,#751,#749));
#1068=IFCFACEOUTERBOUND(#1067,.T.);
#1069=IFCFACE((#1068));
#1070=IFCPOLYLOOP((#721,#752,#749));
#1071=IFCFACEOUTERBOUND(#1070,.T.);
#1072=IFCFACE((#1071));
#1073=IFCPOLYLOOP((#550,#440,#459));
#1074=IFCFACEOUTERBOUND(#1073,.T.);
#1075=IFCFACE((#1074));
#1076=IFCPOLYLOOP((#575,#719,#487));
#1077=IFCFACEOUTERBOUND(#1076,.T.);
#1078=IFCFACE((#1077));
#1079=IFCPOLYLOOP((#738,#743,#744));
#1080=IFCFACEOUTERBOUND(#1079,.T.);
#1081=IFCFACE((#1080));
#1082=IFCPOLYLOOP((#723,#718,#724));
#1083=IFCFACEOUTERBOUND(#1082,.T.);
#1084=IFCFACE((#1083));
#1085=IFCPOLYLOOP((#633,#514,#588));
#1086=IFCFACEOUTERBOUND(#1085,.T.);
#1087=IFCFACE((#1086));
#1088=IFCPOLYLOOP((#515,#606,#605));
#1089=IFCFACEOUTERBOUND(#1088,.T.);
#1090=IFCFACE((#1089));
#1091=IFCPOLYLOOP((#632,#542,#521));
#1092=IFCFACEOUTERBOUND(#1091,.T.);
#1093=IFCFACE((#1092));
#1094=IFCPOLYLOOP((#633,#594,#514));
#1095=IFCFACEOUTERBOUND(#1094,.T.);
#1096=IFCFACE((#1095));
#1097=IFCPOLYLOOP((#738,#675,#666));
#1098=IFCFACEOUTERBOUND(#1097,.T.);
#1099=IFCFACE((#1098));
#1100=IFCPOLYLOOP((#472,#436,#462));
#1101=IFCFACEOUTERBOUND(#1100,.T.);
#1102=IFCFACE((#1101));
#1103=IFCPOLYLOOP((#742,#760,#665));
#1104=IFCFACEOUTERBOUND(#1103,.T.);
#1105=IFCFACE((#1104));
#1106=IFCPOLYLOOP((#665,#756,#666));
#1107=IFCFACEOUTERBOUND(#1106,.T.);
#1108=IFCFACE((#1107));
#1109=IFCPOLYLOOP((#632,#625,#542));
#1110=IFCFACEOUTERBOUND(#1109,.T.);
#1111=IFCFACE((#1110));
#1112=IFCPOLYLOOP((#667,#493,#779));
#1113=IFCFACEOUTERBOUND(#1112,.T.);
#1114=IFCFACE((#1113));
#1115=IFCPOLYLOOP((#721,#781,#722));
#1116=IFCFACEOUTERBOUND(#1115,.T.);
#1117=IFCFACE((#1116));
#1118=IFCPOLYLOOP((#655,#598,#460));
#1119=IFCFACEOUTERBOUND(#1118,.T.);
#1120=IFCFACE((#1119));
#1121=IFCPOLYLOOP((#546,#573,#598));
#1122=IFCFACEOUTERBOUND(#1121,.T.);
#1123=IFCFACE((#1122));
#1124=IFCPOLYLOOP((#759,#735,#732));
#1125=IFCFACEOUTERBOUND(#1124,.T.);
#1126=IFCFACE((#1125));
#1127=IFCPOLYLOOP((#570,#515,#573));
#1128=IFCFACEOUTERBOUND(#1127,.T.);
#1129=IFCFACE((#1128));
#1130=IFCPOLYLOOP((#460,#596,#558));
#1131=IFCFACEOUTERBOUND(#1130,.T.);
#1132=IFCFACE((#1131));
#1133=IFCPOLYLOOP((#755,#713,#688));
#1134=IFCFACEOUTERBOUND(#1133,.T.);
#1135=IFCFACE((#1134));
#1136=IFCPOLYLOOP((#764,#759,#761,#767));
#1137=IFCFACEOUTERBOUND(#1136,.T.);
#1138=IFCFACE((#1137));
#1139=IFCPOLYLOOP((#704,#707,#705));
#1140=IFCFACEOUTERBOUND(#1139,.T.);
#1141=IFCFACE((#1140));
#1142=IFCPOLYLOOP((#550,#437,#474));
#1143=IFCFACEOUTERBOUND(#1142,.T.);
#1144=IFCFACE((#1143));
#1145=IFCPOLYLOOP((#523,#670,#527));
#1146=IFCFACEOUTERBOUND(#1145,.T.);
#1147=IFCFACE((#1146));
#1148=IFCPOLYLOOP((#618,#433,#444));
#1149=IFCFACEOUTERBOUND(#1148,.T.);
#1150=IFCFACE((#1149));
#1151=IFCPOLYLOOP((#751,#731,#599));
#1152=IFCFACEOUTERBOUND(#1151,.T.);
#1153=IFCFACE((#1152));
#1154=IFCPOLYLOOP((#728,#482,#443,#729));
#1155=IFCFACEOUTERBOUND(#1154,.T.);
#1156=IFCFACE((#1155));
#1157=IFCPOLYLOOP((#721,#731,#752));
#1158=IFCFACEOUTERBOUND(#1157,.T.);
#1159=IFCFACE((#1158));
#1160=IFCPOLYLOOP((#626,#611,#615));
#1161=IFCFACEOUTERBOUND(#1160,.T.);
#1162=IFCFACE((#1161));
#1163=IFCPOLYLOOP((#554,#423,#452));
#1164=IFCFACEOUTERBOUND(#1163,.T.);
#1165=IFCFACE((#1164));
#1166=IFCPOLYLOOP((#506,#513,#441));
#1167=IFCFACEOUTERBOUND(#1166,.T.);
#1168=IFCFACE((#1167));
#1169=IFCPOLYLOOP((#781,#460,#722));
#1170=IFCFACEOUTERBOUND(#1169,.T.);
#1171=IFCFACE((#1170));
#1172=IFCPOLYLOOP((#543,#468,#557));
#1173=IFCFACEOUTERBOUND(#1172,.T.);
#1174=IFCFACE((#1173));
#1175=IFCPOLYLOOP((#702,#703,#607));
#1176=IFCFACEOUTERBOUND(#1175,.T.);
#1177=IFCFACE((#1176));
#1178=IFCPOLYLOOP((#423,#612,#452));
#1179=IFCFACEOUTERBOUND(#1178,.T.);
#1180=IFCFACE((#1179));
#1181=IFCPOLYLOOP((#671,#670,#668));
#1182=IFCFACEOUTERBOUND(#1181,.T.);
#1183=IFCFACE((#1182));
#1184=IFCPOLYLOOP((#479,#635,#637));
#1185=IFCFACEOUTERBOUND(#1184,.T.);
#1186=IFCFACE((#1185));
#1187=IFCPOLYLOOP((#655,#559,#564));
#1188=IFCFACEOUTERBOUND(#1187,.T.);
#1189=IFCFACE((#1188));
#1190=IFCPOLYLOOP((#562,#719,#575));
#1191=IFCFACEOUTERBOUND(#1190,.T.);
#1192=IFCFACE((#1191));
#1193=IFCPOLYLOOP((#448,#466,#497));
#1194=IFCFACEOUTERBOUND(#1193,.T.);
#1195=IFCFACE((#1194));
#1196=IFCPOLYLOOP((#567,#602,#566));
#1197=IFCFACEOUTERBOUND(#1196,.T.);
#1198=IFCFACE((#1197));
#1199=IFCPOLYLOOP((#565,#602,#601));
#1200=IFCFACEOUTERBOUND(#1199,.T.);
#1201=IFCFACE((#1200));
#1202=IFCPOLYLOOP((#616,#606,#600));
#1203=IFCFACEOUTERBOUND(#1202,.T.);
#1204=IFCFACE((#1203));
#1205=IFCPOLYLOOP((#649,#644,#650));
#1206=IFCFACEOUTERBOUND(#1205,.T.);
#1207=IFCFACE((#1206));
#1208=IFCPOLYLOOP((#470,#779,#493));
#1209=IFCFACEOUTERBOUND(#1208,.T.);
#1210=IFCFACE((#1209));
#1211=IFCPOLYLOOP((#495,#455,#604));
#1212=IFCFACEOUTERBOUND(#1211,.T.);
#1213=IFCFACE((#1212));
#1214=IFCPOLYLOOP((#642,#639,#644));
#1215=IFCFACEOUTERBOUND(#1214,.T.);
#1216=IFCFACE((#1215));
#1217=IFCPOLYLOOP((#567,#528,#529));
#1218=IFCFACEOUTERBOUND(#1217,.T.);
#1219=IFCFACE((#1218));
#1220=IFCPOLYLOOP((#615,#625,#626));
#1221=IFCFACEOUTERBOUND(#1220,.T.);
#1222=IFCFACE((#1221));
#1223=IFCPOLYLOOP((#773,#780,#701,#700));
#1224=IFCFACEOUTERBOUND(#1223,.T.);
#1225=IFCFACE((#1224));
#1226=IFCPOLYLOOP((#467,#485,#620));
#1227=IFCFACEOUTERBOUND(#1226,.T.);
#1228=IFCFACE((#1227));
#1229=IFCPOLYLOOP((#787,#507,#672));
#1230=IFCFACEOUTERBOUND(#1229,.T.);
#1231=IFCFACE((#1230));
#1232=IFCPOLYLOOP((#469,#535,#526));
#1233=IFCFACEOUTERBOUND(#1232,.T.);
#1234=IFCFACE((#1233));
#1235=IFCPOLYLOOP((#619,#516,#585));
#1236=IFCFACEOUTERBOUND(#1235,.T.);
#1237=IFCFACE((#1236));
#1238=IFCPOLYLOOP((#793,#486,#588));
#1239=IFCFACEOUTERBOUND(#1238,.T.);
#1240=IFCFACE((#1239));
#1241=IFCPOLYLOOP((#495,#553,#574));
#1242=IFCFACEOUTERBOUND(#1241,.T.);
#1243=IFCFACE((#1242));
#1244=IFCPOLYLOOP((#442,#433,#425));
#1245=IFCFACEOUTERBOUND(#1244,.T.);
#1246=IFCFACE((#1245));
#1247=IFCPOLYLOOP((#709,#532,#534));
#1248=IFCFACEOUTERBOUND(#1247,.T.);
#1249=IFCFACE((#1248));
#1250=IFCPOLYLOOP((#496,#646,#595));
#1251=IFCFACEOUTERBOUND(#1250,.T.);
#1252=IFCFACE((#1251));
#1253=IFCPOLYLOOP((#587,#683,#621));
#1254=IFCFACEOUTERBOUND(#1253,.T.);
#1255=IFCFACE((#1254));
#1256=IFCPOLYLOOP((#644,#651,#650));
#1257=IFCFACEOUTERBOUND(#1256,.T.);
#1258=IFCFACE((#1257));
#1259=IFCPOLYLOOP((#447,#513,#424));
#1260=IFCFACEOUTERBOUND(#1259,.T.);
#1261=IFCFACE((#1260));
#1262=IFCPOLYLOOP((#640,#509,#503));
#1263=IFCFACEOUTERBOUND(#1262,.T.);
#1264=IFCFACE((#1263));
#1265=IFCPOLYLOOP((#776,#778,#786,#785));
#1266=IFCFACEOUTERBOUND(#1265,.T.);
#1267=IFCFACE((#1266));
#1268=IFCPOLYLOOP((#743,#746,#745));
#1269=IFCFACEOUTERBOUND(#1268,.T.);
#1270=IFCFACE((#1269));
#1271=IFCPOLYLOOP((#678,#641,#671));
#1272=IFCFACEOUTERBOUND(#1271,.T.);
#1273=IFCFACE((#1272));
#1274=IFCPOLYLOOP((#710,#525,#674));
#1275=IFCFACEOUTERBOUND(#1274,.T.);
#1276=IFCFACE((#1275));
#1277=IFCPOLYLOOP((#649,#529,#642));
#1278=IFCFACEOUTERBOUND(#1277,.T.);
#1279=IFCFACE((#1278));
#1280=IFCPOLYLOOP((#540,#639,#523));
#1281=IFCFACEOUTERBOUND(#1280,.T.);
#1282=IFCFACE((#1281));
#1283=IFCPOLYLOOP((#788,#545,#446));
#1284=IFCFACEOUTERBOUND(#1283,.T.);
#1285=IFCFACE((#1284));
#1286=IFCPOLYLOOP((#748,#746,#747));
#1287=IFCFACEOUTERBOUND(#1286,.T.);
#1288=IFCFACE((#1287));
#1289=IFCPOLYLOOP((#461,#536,#484));
#1290=IFCFACEOUTERBOUND(#1289,.T.);
#1291=IFCFACE((#1290));
#1292=IFCPOLYLOOP((#742,#669,#668));
#1293=IFCFACEOUTERBOUND(#1292,.T.);
#1294=IFCFACE((#1293));
#1295=IFCPOLYLOOP((#579,#504,#562));
#1296=IFCFACEOUTERBOUND(#1295,.T.);
#1297=IFCFACE((#1296));
#1298=IFCPOLYLOOP((#434,#519,#698));
#1299=IFCFACEOUTERBOUND(#1298,.T.);
#1300=IFCFACE((#1299));
#1301=IFCPOLYLOOP((#773,#766,#764,#786));
#1302=IFCFACEOUTERBOUND(#1301,.T.);
#1303=IFCFACE((#1302));
#1304=IFCPOLYLOOP((#426,#795,#422));
#1305=IFCFACEOUTERBOUND(#1304,.T.);
#1306=IFCFACE((#1305));
#1307=IFCPOLYLOOP((#760,#768,#769,#762));
#1308=IFCFACEOUTERBOUND(#1307,.T.);
#1309=IFCFACE((#1308));
#1310=IFCPOLYLOOP((#556,#508,#443));
#1311=IFCFACEOUTERBOUND(#1310,.T.);
#1312=IFCFACE((#1311));
#1313=IFCPOLYLOOP((#577,#645,#652));
#1314=IFCFACEOUTERBOUND(#1313,.T.);
#1315=IFCFACE((#1314));
#1316=IFCPOLYLOOP((#584,#484,#591));
#1317=IFCFACEOUTERBOUND(#1316,.T.);
#1318=IFCFACE((#1317));
#1319=IFCPOLYLOOP((#477,#563,#561));
#1320=IFCFACEOUTERBOUND(#1319,.T.);
#1321=IFCFACE((#1320));
#1322=IFCPOLYLOOP((#783,#776,#777,#784));
#1323=IFCFACEOUTERBOUND(#1322,.T.);
#1324=IFCFACE((#1323));
#1325=IFCPOLYLOOP((#509,#624,#436));
#1326=IFCFACEOUTERBOUND(#1325,.T.);
#1327=IFCFACE((#1326));
#1328=IFCPOLYLOOP((#445,#584,#494));
#1329=IFCFACEOUTERBOUND(#1328,.T.);
#1330=IFCFACE((#1329));
#1331=IFCPOLYLOOP((#435,#499,#489));
#1332=IFCFACEOUTERBOUND(#1331,.T.);
#1333=IFCFACE((#1332));
#1334=IFCPOLYLOOP((#669,#681,#679));
#1335=IFCFACEOUTERBOUND(#1334,.T.);
#1336=IFCFACE((#1335));
#1337=IFCPOLYLOOP((#499,#447,#438));
#1338=IFCFACEOUTERBOUND(#1337,.T.);
#1339=IFCFACE((#1338));
#1340=IFCPOLYLOOP((#437,#438,#474));
#1341=IFCFACEOUTERBOUND(#1340,.T.);
#1342=IFCFACE((#1341));
#1343=IFCPOLYLOOP((#582,#585,#516));
#1344=IFCFACEOUTERBOUND(#1343,.T.);
#1345=IFCFACE((#1344));
#1346=IFCPOLYLOOP((#712,#708,#714));
#1347=IFCFACEOUTERBOUND(#1346,.T.);
#1348=IFCFACE((#1347));
#1349=IFCPOLYLOOP((#548,#439,#453));
#1350=IFCFACEOUTERBOUND(#1349,.T.);
#1351=IFCFACE((#1350));
#1352=IFCPOLYLOOP((#603,#620,#569));
#1353=IFCFACEOUTERBOUND(#1352,.T.);
#1354=IFCFACE((#1353));
#1355=IFCPOLYLOOP((#740,#492,#741));
#1356=IFCFACEOUTERBOUND(#1355,.T.);
#1357=IFCFACE((#1356));
#1358=IFCPOLYLOOP((#646,#653,#733));
#1359=IFCFACEOUTERBOUND(#1358,.T.);
#1360=IFCFACE((#1359));
#1361=IFCPOLYLOOP((#723,#730,#710));
#1362=IFCFACEOUTERBOUND(#1361,.T.);
#1363=IFCFACE((#1362));
#1364=IFCPOLYLOOP((#434,#457,#432));
#1365=IFCFACEOUTERBOUND(#1364,.T.);
#1366=IFCFACE((#1365));
#1367=IFCPOLYLOOP((#729,#508,#731));
#1368=IFCFACEOUTERBOUND(#1367,.T.);
#1369=IFCFACE((#1368));
#1370=IFCPOLYLOOP((#774,#769,#768,#667));
#1371=IFCFACEOUTERBOUND(#1370,.T.);
#1372=IFCFACE((#1371));
#1373=IFCPOLYLOOP((#683,#500,#621));
#1374=IFCFACEOUTERBOUND(#1373,.T.);
#1375=IFCFACE((#1374));
#1376=IFCPOLYLOOP((#552,#494,#556));
#1377=IFCFACEOUTERBOUND(#1376,.T.);
#1378=IFCFACE((#1377));
#1379=IFCPOLYLOOP((#791,#634,#664));
#1380=IFCFACEOUTERBOUND(#1379,.T.);
#1381=IFCFACE((#1380));
#1382=IFCPOLYLOOP((#513,#521,#512));
#1383=IFCFACEOUTERBOUND(#1382,.T.);
#1384=IFCFACE((#1383));
#1385=IFCPOLYLOOP((#510,#654,#501));
#1386=IFCFACEOUTERBOUND(#1385,.T.);
#1387=IFCFACE((#1386));
#1388=IFCPOLYLOOP((#753,#586,#595));
#1389=IFCFACEOUTERBOUND(#1388,.T.);
#1390=IFCFACE((#1389));
#1391=IFCPOLYLOOP((#422,#795,#423));
#1392=IFCFACEOUTERBOUND(#1391,.T.);
#1393=IFCFACE((#1392));
#1394=IFCPOLYLOOP((#449,#789,#630));
#1395=IFCFACEOUTERBOUND(#1394,.T.);
#1396=IFCFACE((#1395));
#1397=IFCPOLYLOOP((#610,#557,#680));
#1398=IFCFACEOUTERBOUND(#1397,.T.);
#1399=IFCFACE((#1398));
#1400=IFCPOLYLOOP((#747,#753,#748));
#1401=IFCFACEOUTERBOUND(#1400,.T.);
#1402=IFCFACE((#1401));
#1403=IFCPOLYLOOP((#538,#543,#610));
#1404=IFCFACEOUTERBOUND(#1403,.T.);
#1405=IFCFACE((#1404));
#1406=IFCPOLYLOOP((#553,#437,#461));
#1407=IFCFACEOUTERBOUND(#1406,.T.);
#1408=IFCFACE((#1407));
#1409=IFCPOLYLOOP((#684,#755,#732));
#1410=IFCFACEOUTERBOUND(#1409,.T.);
#1411=IFCFACE((#1410));
#1412=IFCPOLYLOOP((#555,#604,#489));
#1413=IFCFACEOUTERBOUND(#1412,.T.);
#1414=IFCFACE((#1413));
#1415=IFCPOLYLOOP((#578,#543,#563));
#1416=IFCFACEOUTERBOUND(#1415,.T.);
#1417=IFCFACE((#1416));
#1418=IFCPOLYLOOP((#660,#651,#518));
#1419=IFCFACEOUTERBOUND(#1418,.T.);
#1420=IFCFACE((#1419));
#1421=IFCPOLYLOOP((#601,#517,#480));
#1422=IFCFACEOUTERBOUND(#1421,.T.);
#1423=IFCFACE((#1422));
#1424=IFCPOLYLOOP((#520,#534,#532));
#1425=IFCFACEOUTERBOUND(#1424,.T.);
#1426=IFCFACE((#1425));
#1427=IFCPOLYLOOP((#443,#552,#556));
#1428=IFCFACEOUTERBOUND(#1427,.T.);
#1429=IFCFACE((#1428));
#1430=IFCPOLYLOOP((#742,#670,#770));
#1431=IFCFACEOUTERBOUND(#1430,.T.);
#1432=IFCFACE((#1431));
#1433=IFCPOLYLOOP((#577,#541,#568));
#1434=IFCFACEOUTERBOUND(#1433,.T.);
#1435=IFCFACE((#1434));
#1436=IFCPOLYLOOP((#569,#602,#603));
#1437=IFCFACEOUTERBOUND(#1436,.T.);
#1438=IFCFACE((#1437));
#1439=IFCPOLYLOOP((#573,#547,#570));
#1440=IFCFACEOUTERBOUND(#1439,.T.);
#1441=IFCFACE((#1440));
#1442=IFCPOLYLOOP((#767,#761,#758,#765));
#1443=IFCFACEOUTERBOUND(#1442,.T.);
#1444=IFCFACE((#1443));
#1445=IFCPOLYLOOP((#779,#636,#774,#667));
#1446=IFCFACEOUTERBOUND(#1445,.T.);
#1447=IFCFACE((#1446));
#1448=IFCPOLYLOOP((#696,#510,#501));
#1449=IFCFACEOUTERBOUND(#1448,.T.);
#1450=IFCFACE((#1449));
#1451=IFCPOLYLOOP((#661,#458,#660));
#1452=IFCFACEOUTERBOUND(#1451,.T.);
#1453=IFCFACE((#1452));
#1454=IFCPOLYLOOP((#435,#604,#455));
#1455=IFCFACEOUTERBOUND(#1454,.T.);
#1456=IFCFACE((#1455));
#1457=IFCPOLYLOOP((#714,#716,#695));
#1458=IFCFACEOUTERBOUND(#1457,.T.);
#1459=IFCFACE((#1458));
#1460=IFCPOLYLOOP((#771,#772,#765,#763));
#1461=IFCFACEOUTERBOUND(#1460,.T.);
#1462=IFCFACE((#1461));
#1463=IFCPOLYLOOP((#569,#533,#517));
#1464=IFCFACEOUTERBOUND(#1463,.T.);
#1465=IFCFACE((#1464));
#1466=IFCPOLYLOOP((#734,#746,#685));
#1467=IFCFACEOUTERBOUND(#1466,.T.);
#1468=IFCFACE((#1467));
#1469=IFCPOLYLOOP((#575,#591,#629));
#1470=IFCFACEOUTERBOUND(#1469,.T.);
#1471=IFCFACE((#1470));
#1472=IFCPOLYLOOP((#647,#544,#467));
#1473=IFCFACEOUTERBOUND(#1472,.T.);
#1474=IFCFACE((#1473));
#1475=IFCPOLYLOOP((#772,#785,#767,#765));
#1476=IFCFACEOUTERBOUND(#1475,.T.);
#1477=IFCFACE((#1476));
#1478=IFCPOLYLOOP((#776,#783,#637,#778));
#1479=IFCFACEOUTERBOUND(#1478,.T.);
#1480=IFCFACE((#1479));
#1481=IFCPOLYLOOP((#770,#760,#742));
#1482=IFCFACEOUTERBOUND(#1481,.T.);
#1483=IFCFACE((#1482));
#1484=IFCPOLYLOOP((#739,#745,#748));
#1485=IFCFACEOUTERBOUND(#1484,.T.);
#1486=IFCFACE((#1485));
#1487=IFCPOLYLOOP((#759,#732,#755,#761));
#1488=IFCFACEOUTERBOUND(#1487,.T.);
#1489=IFCFACE((#1488));
#1490=IFCPOLYLOOP((#747,#720,#723));
#1491=IFCFACEOUTERBOUND(#1490,.T.);
#1492=IFCFACE((#1491));
#1493=IFCPOLYLOOP((#533,#480,#517));
#1494=IFCFACEOUTERBOUND(#1493,.T.);
#1495=IFCFACE((#1494));
#1496=IFCPOLYLOOP((#683,#619,#663));
#1497=IFCFACEOUTERBOUND(#1496,.T.);
#1498=IFCFACE((#1497));
#1499=IFCPOLYLOOP((#693,#472,#462));
#1500=IFCFACEOUTERBOUND(#1499,.T.);
#1501=IFCFACE((#1500));
#1502=IFCPOLYLOOP((#739,#682,#736));
#1503=IFCFACEOUTERBOUND(#1502,.T.);
#1504=IFCFACE((#1503));
#1505=IFCPOLYLOOP((#588,#478,#633));
#1506=IFCFACEOUTERBOUND(#1505,.T.);
#1507=IFCFACE((#1506));
#1508=IFCPOLYLOOP((#692,#687,#676));
#1509=IFCFACEOUTERBOUND(#1508,.T.);
#1510=IFCFACE((#1509));
#1511=IFCPOLYLOOP((#639,#667,#523));
#1512=IFCFACEOUTERBOUND(#1511,.T.);
#1513=IFCFACE((#1512));
#1514=IFCPOLYLOOP((#515,#600,#606));
#1515=IFCFACEOUTERBOUND(#1514,.T.);
#1516=IFCFACE((#1515));
#1517=IFCPOLYLOOP((#764,#767,#785,#786));
#1518=IFCFACEOUTERBOUND(#1517,.T.);
#1519=IFCFACE((#1518));
#1520=IFCPOLYLOOP((#461,#574,#553));
#1521=IFCFACEOUTERBOUND(#1520,.T.);
#1522=IFCFACE((#1521));
#1523=IFCPOLYLOOP((#766,#735,#759,#764));
#1524=IFCFACEOUTERBOUND(#1523,.T.);
#1525=IFCFACE((#1524));
#1526=IFCPOLYLOOP((#429,#542,#625));
#1527=IFCFACEOUTERBOUND(#1526,.T.);
#1528=IFCFACE((#1527));
#1529=IFCPOLYLOOP((#453,#485,#544));
#1530=IFCFACEOUTERBOUND(#1529,.T.);
#1531=IFCFACE((#1530));
#1532=IFCPOLYLOOP((#509,#530,#503));
#1533=IFCFACEOUTERBOUND(#1532,.T.);
#1534=IFCFACE((#1533));
#1535=IFCPOLYLOOP((#554,#549,#502));
#1536=IFCFACEOUTERBOUND(#1535,.T.);
#1537=IFCFACE((#1536));
#1538=IFCPOLYLOOP((#614,#740,#741));
#1539=IFCFACEOUTERBOUND(#1538,.T.);
#1540=IFCFACE((#1539));
#1541=IFCPOLYLOOP((#791,#788,#790));
#1542=IFCFACEOUTERBOUND(#1541,.T.);
#1543=IFCFACE((#1542));
#1544=IFCPOLYLOOP((#427,#430,#463));
#1545=IFCFACEOUTERBOUND(#1544,.T.);
#1546=IFCFACE((#1545));
#1547=IFCPOLYLOOP((#635,#607,#703));
#1548=IFCFACEOUTERBOUND(#1547,.T.);
#1549=IFCFACE((#1548));
#1550=IFCPOLYLOOP((#621,#496,#587));
#1551=IFCFACEOUTERBOUND(#1550,.T.);
#1552=IFCFACE((#1551));
#1553=IFCPOLYLOOP((#796,#500,#560));
#1554=IFCFACEOUTERBOUND(#1553,.T.);
#1555=IFCFACE((#1554));
#1556=IFCPOLYLOOP((#516,#730,#754));
#1557=IFCFACEOUTERBOUND(#1556,.T.);
#1558=IFCFACE((#1557));
#1559=IFCPOLYLOOP((#642,#470,#493));
#1560=IFCFACEOUTERBOUND(#1559,.T.);
#1561=IFCFACE((#1560));
#1562=IFCPOLYLOOP((#457,#694,#432));
#1563=IFCFACEOUTERBOUND(#1562,.T.);
#1564=IFCFACE((#1563));
#1565=IFCPOLYLOOP((#490,#576,#672));
#1566=IFCFACEOUTERBOUND(#1565,.T.);
#1567=IFCFACE((#1566));
#1568=IFCPOLYLOOP((#737,#723,#710));
#1569=IFCFACEOUTERBOUND(#1568,.T.);
#1570=IFCFACE((#1569));
#1571=IFCPOLYLOOP((#718,#725,#724));
#1572=IFCFACEOUTERBOUND(#1571,.T.);
#1573=IFCFACE((#1572));
#1574=IFCPOLYLOOP((#616,#580,#617));
#1575=IFCFACEOUTERBOUND(#1574,.T.);
#1576=IFCFACE((#1575));
#1577=IFCPOLYLOOP((#531,#607,#476));
#1578=IFCFACEOUTERBOUND(#1577,.T.);
#1579=IFCFACE((#1578));
#1580=IFCPOLYLOOP((#744,#745,#736));
#1581=IFCFACEOUTERBOUND(#1580,.T.);
#1582=IFCFACE((#1581));
#1583=IFCPOLYLOOP((#593,#504,#663));
#1584=IFCFACEOUTERBOUND(#1583,.T.);
#1585=IFCFACE((#1584));
#1586=IFCPOLYLOOP((#482,#640,#503));
#1587=IFCFACEOUTERBOUND(#1586,.T.);
#1588=IFCFACE((#1587));
#1589=IFCPOLYLOOP((#704,#712,#686));
#1590=IFCFACEOUTERBOUND(#1589,.T.);
#1591=IFCFACE((#1590));
#1592=IFCPOLYLOOP((#605,#596,#598));
#1593=IFCFACEOUTERBOUND(#1592,.T.);
#1594=IFCFACE((#1593));
#1595=IFCPOLYLOOP((#770,#667,#768));
#1596=IFCFACEOUTERBOUND(#1595,.T.);
#1597=IFCFACE((#1596));
#1598=IFCPOLYLOOP((#595,#587,#496));
#1599=IFCFACEOUTERBOUND(#1598,.T.);
#1600=IFCFACE((#1599));
#1601=IFCPOLYLOOP((#469,#784,#782));
#1602=IFCFACEOUTERBOUND(#1601,.T.);
#1603=IFCFACE((#1602));
#1604=IFCPOLYLOOP((#620,#658,#467));
#1605=IFCFACEOUTERBOUND(#1604,.T.);
#1606=IFCFACE((#1605));
#1607=IFCPOLYLOOP((#585,#663,#619));
#1608=IFCFACEOUTERBOUND(#1607,.T.);
#1609=IFCFACE((#1608));
#1610=IFCPOLYLOOP((#711,#738,#756,#757));
#1611=IFCFACEOUTERBOUND(#1610,.T.);
#1612=IFCFACE((#1611));
#1613=IFCPOLYLOOP((#638,#719,#581));
#1614=IFCFACEOUTERBOUND(#1613,.T.);
#1615=IFCFACE((#1614));
#1616=IFCPOLYLOOP((#614,#621,#500));
#1617=IFCFACEOUTERBOUND(#1616,.T.);
#1618=IFCFACE((#1617));
#1619=IFCPOLYLOOP((#674,#587,#586));
#1620=IFCFACEOUTERBOUND(#1619,.T.);
#1621=IFCFACE((#1620));
#1622=IFCPOLYLOOP((#623,#537,#472));
#1623=IFCFACEOUTERBOUND(#1622,.T.);
#1624=IFCFACE((#1623));
#1625=IFCPOLYLOOP((#657,#787,#689));
#1626=IFCFACEOUTERBOUND(#1625,.T.);
#1627=IFCFACE((#1626));
#1628=IFCPOLYLOOP((#591,#494,#584));
#1629=IFCFACEOUTERBOUND(#1628,.T.);
#1630=IFCFACE((#1629));
#1631=IFCPOLYLOOP((#781,#749,#717));
#1632=IFCFACEOUTERBOUND(#1631,.T.);
#1633=IFCFACE((#1632));
#1634=IFCPOLYLOOP((#775,#771,#769,#774));
#1635=IFCFACEOUTERBOUND(#1634,.T.);
#1636=IFCFACE((#1635));
#1637=IFCPOLYLOOP((#780,#778,#637,#635));
#1638=IFCFACEOUTERBOUND(#1637,.T.);
#1639=IFCFACE((#1638));
#1640=IFCPOLYLOOP((#564,#531,#546));
#1641=IFCFACEOUTERBOUND(#1640,.T.);
#1642=IFCFACE((#1641));
#1643=IFCPOLYLOOP((#686,#735,#766,#704));
#1644=IFCFACEOUTERBOUND(#1643,.T.);
#1645=IFCFACE((#1644));
#1646=IFCPOLYLOOP((#673,#682,#681));
#1647=IFCFACEOUTERBOUND(#1646,.T.);
#1648=IFCFACE((#1647));
#1649=IFCPOLYLOOP((#726,#758,#761,#755));
#1650=IFCFACEOUTERBOUND(#1649,.T.);
#1651=IFCFACE((#1650));
#1652=IFCPOLYLOOP((#552,#537,#445));
#1653=IFCFACEOUTERBOUND(#1652,.T.);
#1654=IFCFACE((#1653));
#1655=IFCPOLYLOOP((#525,#589,#674));
#1656=IFCFACEOUTERBOUND(#1655,.T.);
#1657=IFCFACE((#1656));
#1658=IFCPOLYLOOP((#547,#520,#532));
#1659=IFCFACEOUTERBOUND(#1658,.T.);
#1660=IFCFACE((#1659));
#1661=IFCPOLYLOOP((#468,#696,#697));
#1662=IFCFACEOUTERBOUND(#1661,.T.);
#1663=IFCFACE((#1662));
#1664=IFCPOLYLOOP((#651,#541,#518));
#1665=IFCFACEOUTERBOUND(#1664,.T.);
#1666=IFCFACE((#1665));
#1667=IFCPOLYLOOP((#700,#704,#766,#773));
#1668=IFCFACEOUTERBOUND(#1667,.T.);
#1669=IFCFACE((#1668));
#1670=IFCPOLYLOOP((#488,#510,#696));
#1671=IFCFACEOUTERBOUND(#1670,.T.);
#1672=IFCFACE((#1671));
#1673=IFCPOLYLOOP((#678,#692,#676));
#1674=IFCFACEOUTERBOUND(#1673,.T.);
#1675=IFCFACE((#1674));
#1676=IFCPOLYLOOP((#678,#652,#645));
#1677=IFCFACEOUTERBOUND(#1676,.T.);
#1678=IFCFACE((#1677));
#1679=IFCPOLYLOOP((#737,#674,#586));
#1680=IFCFACEOUTERBOUND(#1679,.T.);
#1681=IFCFACE((#1680));
#1682=IFCPOLYLOOP((#438,#424,#474));
#1683=IFCFACEOUTERBOUND(#1682,.T.);
#1684=IFCFACE((#1683));
#1685=IFCPOLYLOOP((#694,#592,#687));
#1686=IFCFACEOUTERBOUND(#1685,.T.);
#1687=IFCFACE((#1686));
#1688=IFCPOLYLOOP((#681,#691,#679));
#1689=IFCFACEOUTERBOUND(#1688,.T.);
#1690=IFCFACE((#1689));
#1691=IFCPOLYLOOP((#783,#479,#637));
#1692=IFCFACEOUTERBOUND(#1691,.T.);
#1693=IFCFACE((#1692));
#1694=IFCPOLYLOOP((#469,#529,#528));
#1695=IFCFACEOUTERBOUND(#1694,.T.);
#1696=IFCFACE((#1695));
#1697=IFCPOLYLOOP((#478,#486,#454));
#1698=IFCFACEOUTERBOUND(#1697,.T.);
#1699=IFCFACE((#1698));
#1700=IFCPOLYLOOP((#581,#593,#585));
#1701=IFCFACEOUTERBOUND(#1700,.T.);
#1702=IFCFACE((#1701));
#1703=IFCPOLYLOOP((#611,#656,#605));
#1704=IFCFACEOUTERBOUND(#1703,.T.);
#1705=IFCFACE((#1704));
#1706=IFCPOLYLOOP((#775,#774,#636,#782));
#1707=IFCFACEOUTERBOUND(#1706,.T.);
#1708=IFCFACE((#1707));
#1709=IFCPOLYLOOP((#679,#692,#677));
#1710=IFCFACEOUTERBOUND(#1709,.T.);
#1711=IFCFACE((#1710));
#1712=IFCPOLYLOOP((#576,#787,#672));
#1713=IFCFACEOUTERBOUND(#1712,.T.);
#1714=IFCFACE((#1713));
#1715=IFCPOLYLOOP((#786,#778,#780,#773));
#1716=IFCFACEOUTERBOUND(#1715,.T.);
#1717=IFCFACE((#1716));
#1718=IFCPOLYLOOP((#590,#441,#447));
#1719=IFCFACEOUTERBOUND(#1718,.T.);
#1720=IFCFACE((#1719));
#1721=IFCPOLYLOOP((#733,#595,#646));
#1722=IFCFACEOUTERBOUND(#1721,.T.);
#1723=IFCFACE((#1722));
#1724=IFCPOLYLOOP((#694,#464,#432));
#1725=IFCFACEOUTERBOUND(#1724,.T.);
#1726=IFCFACE((#1725));
#1727=IFCPOLYLOOP((#685,#738,#711));
#1728=IFCFACEOUTERBOUND(#1727,.T.);
#1729=IFCFACE((#1728));
#1730=IFCPOLYLOOP((#708,#717,#714));
#1731=IFCFACEOUTERBOUND(#1730,.T.);
#1732=IFCFACE((#1731));
#1733=IFCPOLYLOOP((#580,#570,#571));
#1734=IFCFACEOUTERBOUND(#1733,.T.);
#1735=IFCFACE((#1734));
#1736=IFCPOLYLOOP((#688,#726,#755));
#1737=IFCFACEOUTERBOUND(#1736,.T.);
#1738=IFCFACE((#1737));
#1739=IFCPOLYLOOP((#627,#632,#521));
#1740=IFCFACEOUTERBOUND(#1739,.T.);
#1741=IFCFACE((#1740));
#1742=IFCPOLYLOOP((#547,#571,#570));
#1743=IFCFACEOUTERBOUND(#1742,.T.);
#1744=IFCFACE((#1743));
#1745=IFCPOLYLOOP((#709,#535,#565));
#1746=IFCFACEOUTERBOUND(#1745,.T.);
#1747=IFCFACE((#1746));
#1748=IFCPOLYLOOP((#687,#522,#694));
#1749=IFCFACEOUTERBOUND(#1748,.T.);
#1750=IFCFACE((#1749));
#1751=IFCPOLYLOOP((#544,#463,#453));
#1752=IFCFACEOUTERBOUND(#1751,.T.);
#1753=IFCFACE((#1752));
#1754=IFCPOLYLOOP((#676,#592,#652));
#1755=IFCFACEOUTERBOUND(#1754,.T.);
#1756=IFCFACE((#1755));
#1757=IFCPOLYLOOP((#455,#537,#435));
#1758=IFCFACEOUTERBOUND(#1757,.T.);
#1759=IFCFACE((#1758));
#1760=IFCPOLYLOOP((#512,#424,#513));
#1761=IFCFACEOUTERBOUND(#1760,.T.);
#1762=IFCFACE((#1761));
#1763=IFCPOLYLOOP((#708,#564,#559));
#1764=IFCFACEOUTERBOUND(#1763,.T.);
#1765=IFCFACE((#1764));
#1766=IFCPOLYLOOP((#498,#433,#492));
#1767=IFCFACEOUTERBOUND(#1766,.T.);
#1768=IFCFACE((#1767));
#1769=IFCPOLYLOOP((#516,#599,#582));
#1770=IFCFACEOUTERBOUND(#1769,.T.);
#1771=IFCFACE((#1770));
#1772=IFCPOLYLOOP((#706,#701,#702));
#1773=IFCFACEOUTERBOUND(#1772,.T.);
#1774=IFCFACE((#1773));
#1775=IFCPOLYLOOP((#663,#560,#683));
#1776=IFCFACEOUTERBOUND(#1775,.T.);
#1777=IFCFACE((#1776));
#1778=IFCPOLYLOOP((#753,#739,#748));
#1779=IFCFACEOUTERBOUND(#1778,.T.);
#1780=IFCFACE((#1779));
#1781=IFCPOLYLOOP((#647,#660,#458));
#1782=IFCFACEOUTERBOUND(#1781,.T.);
#1783=IFCFACE((#1782));
#1784=IFCPOLYLOOP((#596,#640,#558));
#1785=IFCFACEOUTERBOUND(#1784,.T.);
#1786=IFCFACE((#1785));
#1787=IFCPOLYLOOP((#598,#515,#605));
#1788=IFCFACEOUTERBOUND(#1787,.T.);
#1789=IFCFACE((#1788));
#1790=IFCPOLYLOOP((#524,#647,#458));
#1791=IFCFACEOUTERBOUND(#1790,.T.);
#1792=IFCFACE((#1791));
#1793=IFCPOLYLOOP((#793,#792,#486));
#1794=IFCFACEOUTERBOUND(#1793,.T.);
#1795=IFCFACE((#1794));
#1796=IFCPOLYLOOP((#762,#756,#665,#760));
#1797=IFCFACEOUTERBOUND(#1796,.T.);
#1798=IFCFACE((#1797));
#1799=IFCPOLYLOOP((#522,#490,#464));
#1800=IFCFACEOUTERBOUND(#1799,.T.);
#1801=IFCFACE((#1800));
#1802=IFCPOLYLOOP((#567,#613,#603));
#1803=IFCFACEOUTERBOUND(#1802,.T.);
#1804=IFCFACE((#1803));
#1805=IFCPOLYLOOP((#473,#498,#426));
#1806=IFCFACEOUTERBOUND(#1805,.T.);
#1807=IFCFACE((#1806));
#1808=IFCPOLYLOOP((#554,#481,#473));
#1809=IFCFACEOUTERBOUND(#1808,.T.);
#1810=IFCFACE((#1809));
#1811=IFCPOLYLOOP((#449,#664,#634));
#1812=IFCFACEOUTERBOUND(#1811,.T.);
#1813=IFCFACE((#1812));
#1814=IFCPOLYLOOP((#531,#547,#546));
#1815=IFCFACEOUTERBOUND(#1814,.T.);
#1816=IFCFACE((#1815));
#1817=IFCPOLYLOOP((#561,#609,#597));
#1818=IFCFACEOUTERBOUND(#1817,.T.);
#1819=IFCFACE((#1818));
#1820=IFCPOLYLOOP((#762,#763,#757,#756));
#1821=IFCFACEOUTERBOUND(#1820,.T.);
#1822=IFCFACE((#1821));
#1823=IFCPOLYLOOP((#503,#552,#482));
#1824=IFCFACEOUTERBOUND(#1823,.T.);
#1825=IFCFACE((#1824));
#1826=IFCPOLYLOOP((#711,#757,#758,#726));
#1827=IFCFACEOUTERBOUND(#1826,.T.);
#1828=IFCFACE((#1827));
#1829=IFCPOLYLOOP((#530,#472,#537));
#1830=IFCFACEOUTERBOUND(#1829,.T.);
#1831=IFCFACE((#1830));
#1832=IFCPOLYLOOP((#631,#450,#511));
#1833=IFCFACEOUTERBOUND(#1832,.T.);
#1834=IFCFACE((#1833));
#1835=IFCPOLYLOOP((#466,#451,#442));
#1836=IFCFACEOUTERBOUND(#1835,.T.);
#1837=IFCFACE((#1836));
#1838=IFCPOLYLOOP((#625,#617,#429));
#1839=IFCFACEOUTERBOUND(#1838,.T.);
#1840=IFCFACE((#1839));
#1841=IFCPOLYLOOP((#650,#659,#658));
#1842=IFCFACEOUTERBOUND(#1841,.T.);
#1843=IFCFACE((#1842));
#1844=IFCPOLYLOOP((#582,#638,#581));
#1845=IFCFACEOUTERBOUND(#1844,.T.);
#1846=IFCFACE((#1845));
#1847=IFCPOLYLOOP((#726,#685,#711));
#1848=IFCFACEOUTERBOUND(#1847,.T.);
#1849=IFCFACE((#1848));
#1850=IFCPOLYLOOP((#505,#481,#502));
#1851=IFCFACEOUTERBOUND(#1850,.T.);
#1852=IFCFACE((#1851));
#1853=IFCPOLYLOOP((#606,#611,#605));
#1854=IFCFACEOUTERBOUND(#1853,.T.);
#1855=IFCFACE((#1854));
#1856=IFCPOLYLOOP((#426,#554,#473));
#1857=IFCFACEOUTERBOUND(#1856,.T.);
#1858=IFCFACE((#1857));
#1859=IFCPOLYLOOP((#610,#608,#538));
#1860=IFCFACEOUTERBOUND(#1859,.T.);
#1861=IFCFACE((#1860));
#1862=IFCPOLYLOOP((#647,#658,#659));
#1863=IFCFACEOUTERBOUND(#1862,.T.);
#1864=IFCFACE((#1863));
#1865=IFCPOLYLOOP((#444,#698,#618));
#1866=IFCFACEOUTERBOUND(#1865,.T.);
#1867=IFCFACE((#1866));
#1868=IFCPOLYLOOP((#497,#429,#448));
#1869=IFCFACEOUTERBOUND(#1868,.T.);
#1870=IFCFACE((#1869));
#1871=IFCPOLYLOOP((#715,#695,#716));
#1872=IFCFACEOUTERBOUND(#1871,.T.);
#1873=IFCFACE((#1872));
#1874=IFCPOLYLOOP((#566,#535,#528));
#1875=IFCFACEOUTERBOUND(#1874,.T.);
#1876=IFCFACE((#1875));
#1877=IFCPOLYLOOP((#609,#465,#431));
#1878=IFCFACEOUTERBOUND(#1877,.T.);
#1879=IFCFACE((#1878));
#1880=IFCPOLYLOOP((#462,#624,#506));
#1881=IFCFACEOUTERBOUND(#1880,.T.);
#1882=IFCFACE((#1881));
#1883=IFCPOLYLOOP((#434,#464,#507));
#1884=IFCFACEOUTERBOUND(#1883,.T.);
#1885=IFCFACE((#1884));
#1886=IFCPOLYLOOP((#776,#785,#772,#777));
#1887=IFCFACEOUTERBOUND(#1886,.T.);
#1888=IFCFACE((#1887));
#1889=IFCPOLYLOOP((#655,#546,#598));
#1890=IFCFACEOUTERBOUND(#1889,.T.);
#1891=IFCFACE((#1890));
#1892=IFCPOLYLOOP((#461,#459,#471));
#1893=IFCFACEOUTERBOUND(#1892,.T.);
#1894=IFCFACE((#1893));
#1895=IFCPOLYLOOP((#693,#506,#441));
#1896=IFCFACEOUTERBOUND(#1895,.T.);
#1897=IFCFACE((#1896));
#1898=IFCPOLYLOOP((#636,#469,#782));
#1899=IFCFACEOUTERBOUND(#1898,.T.);
#1900=IFCFACE((#1899));
#1901=IFCPOLYLOOP((#460,#662,#722));
#1902=IFCFACEOUTERBOUND(#1901,.T.);
#1903=IFCFACE((#1902));
#1904=IFCPOLYLOOP((#732,#713,#684));
#1905=IFCFACEOUTERBOUND(#1904,.T.);
#1906=IFCFACE((#1905));
#1907=IFCPOLYLOOP((#490,#507,#464));
#1908=IFCFACEOUTERBOUND(#1907,.T.);
#1909=IFCFACE((#1908));
#1910=IFCPOLYLOOP((#731,#582,#599));
#1911=IFCFACEOUTERBOUND(#1910,.T.);
#1912=IFCFACE((#1911));
#1913=IFCPOLYLOOP((#623,#590,#499));
#1914=IFCFACEOUTERBOUND(#1913,.T.);
#1915=IFCFACE((#1914));
#1916=IFCPOLYLOOP((#669,#671,#668));
#1917=IFCFACEOUTERBOUND(#1916,.T.);
#1918=IFCFACE((#1917));
#1919=IFCPOLYLOOP((#717,#559,#781));
#1920=IFCFACEOUTERBOUND(#1919,.T.);
#1921=IFCFACE((#1920));
#1922=IFCPOLYLOOP((#463,#430,#444));
#1923=IFCFACEOUTERBOUND(#1922,.T.);
#1924=IFCFACE((#1923));
#1925=IFCPOLYLOOP((#624,#627,#506));
#1926=IFCFACEOUTERBOUND(#1925,.T.);
#1927=IFCFACE((#1926));
#1928=IFCPOLYLOOP((#623,#693,#590));
#1929=IFCFACEOUTERBOUND(#1928,.T.);
#1930=IFCFACE((#1929));
#1931=IFCPOLYLOOP((#763,#765,#758,#757));
#1932=IFCFACEOUTERBOUND(#1931,.T.);
#1933=IFCFACE((#1932));
#1934=IFCPOLYLOOP((#550,#456,#440));
#1935=IFCFACEOUTERBOUND(#1934,.T.);
#1936=IFCFACE((#1935));
#1937=IFCPOLYLOOP((#423,#583,#612));
#1938=IFCFACEOUTERBOUND(#1937,.T.);
#1939=IFCFACE((#1938));
#1940=IFCPOLYLOOP((#787,#727,#519));
#1941=IFCFACEOUTERBOUND(#1940,.T.);
#1942=IFCFACE((#1941));
#1943=IFCPOLYLOOP((#782,#784,#777,#775));
#1944=IFCFACEOUTERBOUND(#1943,.T.);
#1945=IFCFACE((#1944));
#1946=IFCPOLYLOOP((#489,#438,#555));
#1947=IFCFACEOUTERBOUND(#1946,.T.);
#1948=IFCFACE((#1947));
#1949=IFCPOLYLOOP((#475,#594,#622));
#1950=IFCFACEOUTERBOUND(#1949,.T.);
#1951=IFCFACE((#1950));
#1952=IFCPOLYLOOP((#631,#588,#572));
#1953=IFCFACEOUTERBOUND(#1952,.T.);
#1954=IFCFACE((#1953));
#1955=IFCPOLYLOOP((#577,#592,#518));
#1956=IFCFACEOUTERBOUND(#1955,.T.);
#1957=IFCFACE((#1956));
#1958=IFCPOLYLOOP((#475,#572,#514));
#1959=IFCFACEOUTERBOUND(#1958,.T.);
#1960=IFCFACE((#1959));
#1961=IFCPOLYLOOP((#480,#429,#617));
#1962=IFCFACEOUTERBOUND(#1961,.T.);
#1963=IFCFACE((#1962));
#1964=IFCPOLYLOOP((#634,#631,#511));
#1965=IFCFACEOUTERBOUND(#1964,.T.);
#1966=IFCFACE((#1965));
#1967=IFCPOLYLOOP((#475,#792,#794));
#1968=IFCFACEOUTERBOUND(#1967,.T.);
#1969=IFCFACE((#1968));
#1970=IFCPOLYLOOP((#551,#664,#630));
#1971=IFCFACEOUTERBOUND(#1970,.T.);
#1972=IFCFACE((#1971));
#1973=IFCPOLYLOOP((#780,#635,#703,#701));
#1974=IFCFACEOUTERBOUND(#1973,.T.);
#1975=IFCFACE((#1974));
#1976=IFCPOLYLOOP((#563,#538,#609));
#1977=IFCFACEOUTERBOUND(#1976,.T.);
#1978=IFCFACE((#1977));
#1979=IFCPOLYLOOP((#449,#788,#789));
#1980=IFCFACEOUTERBOUND(#1979,.T.);
#1981=IFCFACE((#1980));
#1982=IFCPOLYLOOP((#658,#649,#650));
#1983=IFCFACEOUTERBOUND(#1982,.T.);
#1984=IFCFACE((#1983));
#1985=IFCPOLYLOOP((#783,#526,#520));
#1986=IFCFACEOUTERBOUND(#1985,.T.);
#1987=IFCFACE((#1986));
#1988=IFCPOLYLOOP((#712,#735,#686));
#1989=IFCFACEOUTERBOUND(#1988,.T.);
#1990=IFCFACE((#1989));
#1991=IFCPOLYLOOP((#466,#491,#439));
#1992=IFCFACEOUTERBOUND(#1991,.T.);
#1993=IFCFACE((#1992));
#1994=IFCPOLYLOOP((#631,#793,#588));
#1995=IFCFACEOUTERBOUND(#1994,.T.);
#1996=IFCFACE((#1995));
#1997=IFCPOLYLOOP((#483,#484,#597));
#1998=IFCFACEOUTERBOUND(#1997,.T.);
#1999=IFCFACE((#1998));
#2000=IFCPOLYLOOP((#512,#440,#456));
#2001=IFCFACEOUTERBOUND(#2000,.T.);
#2002=IFCFACE((#2001));
#2003=IFCPOLYLOOP((#627,#624,#632));
#2004=IFCFACEOUTERBOUND(#2003,.T.);
#2005=IFCFACE((#2004));
#2006=IFCPOLYLOOP((#690,#681,#682));
#2007=IFCFACEOUTERBOUND(#2006,.T.);
#2008=IFCFACE((#2007));
#2009=IFCPOLYLOOP((#474,#456,#550));
#2010=IFCFACEOUTERBOUND(#2009,.T.);
#2011=IFCFACE((#2010));
#2012=IFCPOLYLOOP((#475,#450,#572));
#2013=IFCFACEOUTERBOUND(#2012,.T.);
#2014=IFCFACE((#2013));
#2015=IFCPOLYLOOP((#551,#789,#791));
#2016=IFCFACEOUTERBOUND(#2015,.T.);
#2017=IFCFACE((#2016));
#2018=IFCPOLYLOOP((#488,#608,#610));
#2019=IFCFACEOUTERBOUND(#2018,.T.);
#2020=IFCFACE((#2019));
#2021=IFCPOLYLOOP((#792,#446,#545));
#2022=IFCFACEOUTERBOUND(#2021,.T.);
#2023=IFCFACE((#2022));
#2024=IFCPOLYLOOP((#551,#630,#789));
#2025=IFCFACEOUTERBOUND(#2024,.T.);
#2026=IFCFACE((#2025));
#2027=IFCPOLYLOOP((#664,#551,#791));
#2028=IFCFACEOUTERBOUND(#2027,.T.);
#2029=IFCFACE((#2028));
#2030=IFCPOLYLOOP((#634,#648,#631));
#2031=IFCFACEOUTERBOUND(#2030,.T.);
#2032=IFCFACE((#2031));
#2033=IFCPOLYLOOP((#648,#793,#631));
#2034=IFCFACEOUTERBOUND(#2033,.T.);
#2035=IFCFACE((#2034));
#2036=IFCPOLYLOOP((#588,#514,#572));
#2037=IFCFACEOUTERBOUND(#2036,.T.);
#2038=IFCFACE((#2037));
#2039=IFCPOLYLOOP((#793,#648,#446));
#2040=IFCFACEOUTERBOUND(#2039,.T.);
#2041=IFCFACE((#2040));
#2042=IFCPOLYLOOP((#794,#450,#475));
#2043=IFCFACEOUTERBOUND(#2042,.T.);
#2044=IFCFACE((#2043));
#2045=IFCPOLYLOOP((#634,#790,#648));
#2046=IFCFACEOUTERBOUND(#2045,.T.);
#2047=IFCFACE((#2046));
#2048=IFCPOLYLOOP((#792,#545,#794));
#2049=IFCFACEOUTERBOUND(#2048,.T.);
#2050=IFCFACE((#2049));
#2051=IFCPOLYLOOP((#762,#769,#771,#763));
#2052=IFCFACEOUTERBOUND(#2051,.T.);
#2053=IFCFACE((#2052));
#2054=IFCPOLYLOOP((#556,#487,#638));
#2055=IFCFACEOUTERBOUND(#2054,.T.);
#2056=IFCFACE((#2055));
#2057=IFCPOLYLOOP((#486,#792,#454));
#2058=IFCFACEOUTERBOUND(#2057,.T.);
#2059=IFCFACE((#2058));
#2060=IFCPOLYLOOP((#771,#775,#777,#772));
#2061=IFCFACEOUTERBOUND(#2060,.T.);
#2062=IFCFACE((#2061));
#2063=IFCPOLYLOOP((#754,#751,#599));
#2064=IFCFACEOUTERBOUND(#2063,.T.);
#2065=IFCFACE((#2064));
#2066=IFCPOLYLOOP((#736,#675,#744));
#2067=IFCFACEOUTERBOUND(#2066,.T.);
#2068=IFCFACE((#2067));
#2069=IFCPOLYLOOP((#548,#433,#451));
#2070=IFCFACEOUTERBOUND(#2069,.T.);
#2071=IFCFACE((#2070));
#2072=IFCPOLYLOOP((#521,#549,#452));
#2073=IFCFACEOUTERBOUND(#2072,.T.);
#2074=IFCFACE((#2073));
#2075=IFCPOLYLOOP((#740,#426,#498));
#2076=IFCFACEOUTERBOUND(#2075,.T.);
#2077=IFCFACE((#2076));
#2078=IFCPOLYLOOP((#795,#579,#423));
#2079=IFCFACEOUTERBOUND(#2078,.T.);
#2080=IFCFACE((#2079));
#2081=IFCPOLYLOOP((#796,#504,#795));
#2082=IFCFACEOUTERBOUND(#2081,.T.);
#2083=IFCFACE((#2082));
#2084=IFCPOLYLOOP((#735,#695,#732));
#2085=IFCFACEOUTERBOUND(#2084,.T.);
#2086=IFCFACE((#2085));
#2087=IFCPOLYLOOP((#442,#425,#473));
#2088=IFCFACEOUTERBOUND(#2087,.T.);
#2089=IFCFACE((#2088));
#2090=IFCPOLYLOOP((#709,#565,#601));
#2091=IFCFACEOUTERBOUND(#2090,.T.);
#2092=IFCFACE((#2091));
#2093=IFCPOLYLOOP((#662,#558,#640));
#2094=IFCFACEOUTERBOUND(#2093,.T.);
#2095=IFCFACE((#2094));
#2096=IFCPOLYLOOP((#481,#497,#466));
#2097=IFCFACEOUTERBOUND(#2096,.T.);
#2098=IFCFACE((#2097));
#2099=IFCPOLYLOOP((#431,#483,#597));
#2100=IFCFACEOUTERBOUND(#2099,.T.);
#2101=IFCFACE((#2100));
#2102=IFCPOLYLOOP((#641,#568,#527));
#2103=IFCFACEOUTERBOUND(#2102,.T.);
#2104=IFCFACE((#2103));
#2105=IFCPOLYLOOP((#511,#450,#794));
#2106=IFCFACEOUTERBOUND(#2105,.T.);
#2107=IFCFACE((#2106));
#2108=IFCPOLYLOOP((#491,#569,#620));
#2109=IFCFACEOUTERBOUND(#2108,.T.);
#2110=IFCFACE((#2109));
#2111=IFCPOLYLOOP((#524,#458,#457));
#2112=IFCFACEOUTERBOUND(#2111,.T.);
#2113=IFCFACE((#2112));
#2114=IFCPOLYLOOP((#492,#618,#727));
#2115=IFCFACEOUTERBOUND(#2114,.T.);
#2116=IFCFACE((#2115));
#2117=IFCPOLYLOOP((#538,#608,#465));
#2118=IFCFACEOUTERBOUND(#2117,.T.);
#2119=IFCFACE((#2118));
#2120=IFCPOLYLOOP((#483,#465,#477));
#2121=IFCFACEOUTERBOUND(#2120,.T.);
#2122=IFCFACE((#2121));
#2123=IFCPOLYLOOP((#675,#673,#665));
#2124=IFCFACEOUTERBOUND(#2123,.T.);
#2125=IFCFACE((#2124));
#2126=IFCPOLYLOOP((#480,#617,#580));
#2127=IFCFACEOUTERBOUND(#2126,.T.);
#2128=IFCFACE((#2127));
#2129=IFCPOLYLOOP((#579,#562,#575));
#2130=IFCFACEOUTERBOUND(#2129,.T.);
#2131=IFCFACE((#2130));
#2132=IFCPOLYLOOP((#721,#722,#662));
#2133=IFCFACEOUTERBOUND(#2132,.T.);
#2134=IFCFACE((#2133));
#2135=IFCPOLYLOOP((#444,#548,#453));
#2136=IFCFACEOUTERBOUND(#2135,.T.);
#2137=IFCFACE((#2136));
#2138=IFCPOLYLOOP((#730,#724,#725));
#2139=IFCFACEOUTERBOUND(#2138,.T.);
#2140=IFCFACE((#2139));
#2141=IFCPOLYLOOP((#716,#750,#725));
#2142=IFCFACEOUTERBOUND(#2141,.T.);
#2143=IFCFACE((#2142));
#2144=IFCPOLYLOOP((#790,#788,#446));
#2145=IFCFACEOUTERBOUND(#2144,.T.);
#2146=IFCFACE((#2145));
#2147=IFCPOLYLOOP((#540,#523,#527));
#2148=IFCFACEOUTERBOUND(#2147,.T.);
#2149=IFCFACE((#2148));
#2150=IFCPOLYLOOP((#653,#690,#739));
#2151=IFCFACEOUTERBOUND(#2150,.T.);
#2152=IFCFACE((#2151));
#2153=IFCPOLYLOOP((#629,#591,#484));
#2154=IFCFACEOUTERBOUND(#2153,.T.);
#2155=IFCFACE((#2154));
#2156=IFCPOLYLOOP((#660,#518,#592));
#2157=IFCFACEOUTERBOUND(#2156,.T.);
#2158=IFCFACE((#2157));
#2159=IFCPOLYLOOP((#545,#449,#634));
#2160=IFCFACEOUTERBOUND(#2159,.T.);
#2161=IFCFACE((#2160));
#2162=IFCPOLYLOOP((#689,#576,#496));
#2163=IFCFACEOUTERBOUND(#2162,.T.);
#2164=IFCFACE((#2163));
#2165=IFCPOLYLOOP((#522,#691,#690));
#2166=IFCFACEOUTERBOUND(#2165,.T.);
#2167=IFCFACE((#2166));
#2168=IFCPOLYLOOP((#698,#430,#428));
#2169=IFCFACEOUTERBOUND(#2168,.T.);
#2170=IFCFACE((#2169));
#2171=IFCPOLYLOOP((#741,#727,#657));
#2172=IFCFACEOUTERBOUND(#2171,.T.);
#2173=IFCFACE((#2172));
#2174=IFCPOLYLOOP((#643,#614,#657));
#2175=IFCFACEOUTERBOUND(#2174,.T.);
#2176=IFCFACE((#2175));
#2177=IFCPOLYLOOP((#594,#536,#471));
#2178=IFCFACEOUTERBOUND(#2177,.T.);
#2179=IFCFACE((#2178));
#2180=IFCPOLYLOOP((#720,#734,#688));
#2181=IFCFACEOUTERBOUND(#2180,.T.);
#2182=IFCFACE((#2181));
#2183=IFCPOLYLOOP((#583,#628,#633));
#2184=IFCFACEOUTERBOUND(#2183,.T.);
#2185=IFCFACE((#2184));
#2186=IFCPOLYLOOP((#519,#727,#618));
#2187=IFCFACEOUTERBOUND(#2186,.T.);
#2188=IFCFACE((#2187));
#2189=IFCPOLYLOOP((#716,#717,#749));
#2190=IFCFACEOUTERBOUND(#2189,.T.);
#2191=IFCFACE((#2190));
#2192=IFCPOLYLOOP((#505,#502,#549));
#2193=IFCFACEOUTERBOUND(#2192,.T.);
#2194=IFCFACE((#2193));
#2195=IFCPOLYLOOP((#723,#720,#718));
#2196=IFCFACEOUTERBOUND(#2195,.T.);
#2197=IFCFACE((#2196));
#2198=IFCPOLYLOOP((#633,#536,#594));
#2199=IFCFACEOUTERBOUND(#2198,.T.);
#2200=IFCFACE((#2199));
#2201=IFCPOLYLOOP((#738,#744,#675));
#2202=IFCFACEOUTERBOUND(#2201,.T.);
#2203=IFCFACE((#2202));
#2204=IFCPOLYLOOP((#632,#626,#625));
#2205=IFCFACEOUTERBOUND(#2204,.T.);
#2206=IFCFACE((#2205));
#2207=IFCPOLYLOOP((#460,#598,#596));
#2208=IFCFACEOUTERBOUND(#2207,.T.);
#2209=IFCFACE((#2208));
#2210=IFCPOLYLOOP((#755,#684,#713));
#2211=IFCFACEOUTERBOUND(#2210,.T.);
#2212=IFCFACE((#2211));
#2213=IFCPOLYLOOP((#704,#700,#707));
#2214=IFCFACEOUTERBOUND(#2213,.T.);
#2215=IFCFACE((#2214));
#2216=IFCPOLYLOOP((#550,#459,#437));
#2217=IFCFACEOUTERBOUND(#2216,.T.);
#2218=IFCFACE((#2217));
#2219=IFCPOLYLOOP((#523,#770,#670));
#2220=IFCFACEOUTERBOUND(#2219,.T.);
#2221=IFCFACE((#2220));
#2222=IFCPOLYLOOP((#618,#492,#433));
#2223=IFCFACEOUTERBOUND(#2222,.T.);
#2224=IFCFACE((#2223));
#2225=IFCPOLYLOOP((#751,#752,#731));
#2226=IFCFACEOUTERBOUND(#2225,.T.);
#2227=IFCFACE((#2226));
#2228=IFCPOLYLOOP((#721,#729,#731));
#2229=IFCFACEOUTERBOUND(#2228,.T.);
#2230=IFCFACE((#2229));
#2231=IFCPOLYLOOP((#626,#624,#611));
#2232=IFCFACEOUTERBOUND(#2231,.T.);
#2233=IFCFACE((#2232));
#2234=IFCPOLYLOOP((#554,#422,#423));
#2235=IFCFACEOUTERBOUND(#2234,.T.);
#2236=IFCFACE((#2235));
#2237=IFCPOLYLOOP((#506,#627,#513));
#2238=IFCFACEOUTERBOUND(#2237,.T.);
#2239=IFCFACE((#2238));
#2240=IFCPOLYLOOP((#781,#655,#460));
#2241=IFCFACEOUTERBOUND(#2240,.T.);
#2242=IFCFACE((#2241));
#2243=IFCPOLYLOOP((#543,#578,#468));
#2244=IFCFACEOUTERBOUND(#2243,.T.);
#2245=IFCFACE((#2244));
#2246=IFCPOLYLOOP((#702,#701,#703));
#2247=IFCFACEOUTERBOUND(#2246,.T.);
#2248=IFCFACE((#2247));
#2249=IFCPOLYLOOP((#671,#641,#670));
#2250=IFCFACEOUTERBOUND(#2249,.T.);
#2251=IFCFACE((#2250));
#2252=IFCPOLYLOOP((#479,#476,#635));
#2253=IFCFACEOUTERBOUND(#2252,.T.);
#2254=IFCFACE((#2253));
#2255=IFCPOLYLOOP((#655,#781,#559));
#2256=IFCFACEOUTERBOUND(#2255,.T.);
#2257=IFCFACE((#2256));
#2258=IFCPOLYLOOP((#562,#593,#719));
#2259=IFCFACEOUTERBOUND(#2258,.T.);
#2260=IFCFACE((#2259));
#2261=IFCPOLYLOOP((#448,#533,#466));
#2262=IFCFACEOUTERBOUND(#2261,.T.);
#2263=IFCFACE((#2262));
#2264=IFCPOLYLOOP((#567,#603,#602));
#2265=IFCFACEOUTERBOUND(#2264,.T.);
#2266=IFCFACE((#2265));
#2267=IFCPOLYLOOP((#565,#566,#602));
#2268=IFCFACEOUTERBOUND(#2267,.T.);
#2269=IFCFACE((#2268));
#2270=IFCPOLYLOOP((#616,#615,#606));
#2271=IFCFACEOUTERBOUND(#2270,.T.);
#2272=IFCFACE((#2271));
#2273=IFCPOLYLOOP((#649,#642,#644));
#2274=IFCFACEOUTERBOUND(#2273,.T.);
#2275=IFCFACE((#2274));
#2276=IFCPOLYLOOP((#470,#636,#779));
#2277=IFCFACEOUTERBOUND(#2276,.T.);
#2278=IFCFACE((#2277));
#2279=IFCPOLYLOOP((#495,#584,#455));
#2280=IFCFACEOUTERBOUND(#2279,.T.);
#2281=IFCFACE((#2280));
#2282=IFCPOLYLOOP((#642,#493,#639));
#2283=IFCFACEOUTERBOUND(#2282,.T.);
#2284=IFCFACE((#2283));
#2285=IFCPOLYLOOP((#567,#566,#528));
#2286=IFCFACEOUTERBOUND(#2285,.T.);
#2287=IFCFACE((#2286));
#2288=IFCPOLYLOOP((#615,#616,#625));
#2289=IFCFACEOUTERBOUND(#2288,.T.);
#2290=IFCFACE((#2289));
#2291=IFCPOLYLOOP((#467,#544,#485));
#2292=IFCFACEOUTERBOUND(#2291,.T.);
#2293=IFCFACE((#2292));
#2294=IFCPOLYLOOP((#787,#519,#507));
#2295=IFCFACEOUTERBOUND(#2294,.T.);
#2296=IFCFACE((#2295));
#2297=IFCPOLYLOOP((#469,#528,#535));
#2298=IFCFACEOUTERBOUND(#2297,.T.);
#2299=IFCFACE((#2298));
#2300=IFCPOLYLOOP((#619,#525,#516));
#2301=IFCFACEOUTERBOUND(#2300,.T.);
#2302=IFCFACE((#2301));
#2303=IFCPOLYLOOP((#495,#604,#553));
#2304=IFCFACEOUTERBOUND(#2303,.T.);
#2305=IFCFACE((#2304));
#2306=IFCPOLYLOOP((#442,#451,#433));
#2307=IFCFACEOUTERBOUND(#2306,.T.);
#2308=IFCFACE((#2307));
#2309=IFCPOLYLOOP((#709,#571,#532));
#2310=IFCFACEOUTERBOUND(#2309,.T.);
#2311=IFCFACE((#2310));
#2312=IFCPOLYLOOP((#496,#576,#646));
#2313=IFCFACEOUTERBOUND(#2312,.T.);
#2314=IFCFACE((#2313));
#2315=IFCPOLYLOOP((#587,#589,#683));
#2316=IFCFACEOUTERBOUND(#2315,.T.);
#2317=IFCFACE((#2316));
#2318=IFCPOLYLOOP((#644,#540,#651));
#2319=IFCFACEOUTERBOUND(#2318,.T.);
#2320=IFCFACE((#2319));
#2321=IFCPOLYLOOP((#447,#441,#513));
#2322=IFCFACEOUTERBOUND(#2321,.T.);
#2323=IFCFACE((#2322));
#2324=IFCPOLYLOOP((#640,#656,#509));
#2325=IFCFACEOUTERBOUND(#2324,.T.);
#2326=IFCFACE((#2325));
#2327=IFCPOLYLOOP((#743,#685,#746));
#2328=IFCFACEOUTERBOUND(#2327,.T.);
#2329=IFCFACE((#2328));
#2330=IFCPOLYLOOP((#678,#645,#641));
#2331=IFCFACEOUTERBOUND(#2330,.T.);
#2332=IFCFACE((#2331));
#2333=IFCPOLYLOOP((#710,#730,#525));
#2334=IFCFACEOUTERBOUND(#2333,.T.);
#2335=IFCFACE((#2334));
#2336=IFCPOLYLOOP((#649,#567,#529));
#2337=IFCFACEOUTERBOUND(#2336,.T.);
#2338=IFCFACE((#2337));
#2339=IFCPOLYLOOP((#540,#644,#639));
#2340=IFCFACEOUTERBOUND(#2339,.T.);
#2341=IFCFACE((#2340));
#2342=IFCPOLYLOOP((#788,#449,#545));
#2343=IFCFACEOUTERBOUND(#2342,.T.);
#2344=IFCFACE((#2343));
#2345=IFCPOLYLOOP((#748,#745,#746));
#2346=IFCFACEOUTERBOUND(#2345,.T.);
#2347=IFCFACE((#2346));
#2348=IFCPOLYLOOP((#461,#471,#536));
#2349=IFCFACEOUTERBOUND(#2348,.T.);
#2350=IFCFACE((#2349));
#2351=IFCPOLYLOOP((#742,#673,#669));
#2352=IFCFACEOUTERBOUND(#2351,.T.);
#2353=IFCFACE((#2352));
#2354=IFCPOLYLOOP((#434,#507,#519));
#2355=IFCFACEOUTERBOUND(#2354,.T.);
#2356=IFCFACE((#2355));
#2357=IFCPOLYLOOP((#426,#796,#795));
#2358=IFCFACEOUTERBOUND(#2357,.T.);
#2359=IFCFACE((#2358));
#2360=IFCPOLYLOOP((#556,#638,#508));
#2361=IFCFACEOUTERBOUND(#2360,.T.);
#2362=IFCFACE((#2361));
#2363=IFCPOLYLOOP((#577,#568,#645));
#2364=IFCFACEOUTERBOUND(#2363,.T.);
#2365=IFCFACE((#2364));
#2366=IFCPOLYLOOP((#584,#495,#484));
#2367=IFCFACEOUTERBOUND(#2366,.T.);
#2368=IFCFACE((#2367));
#2369=IFCPOLYLOOP((#477,#578,#563));
#2370=IFCFACEOUTERBOUND(#2369,.T.);
#2371=IFCFACE((#2370));
#2372=IFCPOLYLOOP((#509,#611,#624));
#2373=IFCFACEOUTERBOUND(#2372,.T.);
#2374=IFCFACE((#2373));
#2375=IFCPOLYLOOP((#445,#455,#584));
#2376=IFCFACEOUTERBOUND(#2375,.T.);
#2377=IFCFACE((#2376));
#2378=IFCPOLYLOOP((#435,#623,#499));
#2379=IFCFACEOUTERBOUND(#2378,.T.);
#2380=IFCFACE((#2379));
#2381=IFCPOLYLOOP((#669,#673,#681));
#2382=IFCFACEOUTERBOUND(#2381,.T.);
#2383=IFCFACE((#2382));
#2384=IFCPOLYLOOP((#499,#590,#447));
#2385=IFCFACEOUTERBOUND(#2384,.T.);
#2386=IFCFACE((#2385));
#2387=IFCPOLYLOOP((#437,#555,#438));
#2388=IFCFACEOUTERBOUND(#2387,.T.);
#2389=IFCFACE((#2388));
#2390=IFCPOLYLOOP((#582,#581,#585));
#2391=IFCFACEOUTERBOUND(#2390,.T.);
#2392=IFCFACE((#2391));
#2393=IFCPOLYLOOP((#712,#705,#708));
#2394=IFCFACEOUTERBOUND(#2393,.T.);
#2395=IFCFACE((#2394));
#2396=IFCPOLYLOOP((#548,#451,#439));
#2397=IFCFACEOUTERBOUND(#2396,.T.);
#2398=IFCFACE((#2397));
#2399=IFCPOLYLOOP((#603,#613,#620));
#2400=IFCFACEOUTERBOUND(#2399,.T.);
#2401=IFCFACE((#2400));
#2402=IFCPOLYLOOP((#740,#498,#492));
#2403=IFCFACEOUTERBOUND(#2402,.T.);
#2404=IFCFACE((#2403));
#2405=IFCPOLYLOOP((#646,#490,#653));
#2406=IFCFACEOUTERBOUND(#2405,.T.);
#2407=IFCFACE((#2406));
#2408=IFCPOLYLOOP((#723,#724,#730));
#2409=IFCFACEOUTERBOUND(#2408,.T.);
#2410=IFCFACE((#2409));
#2411=IFCPOLYLOOP((#434,#428,#457));
#2412=IFCFACEOUTERBOUND(#2411,.T.);
#2413=IFCFACE((#2412));
#2414=IFCPOLYLOOP((#729,#443,#508));
#2415=IFCFACEOUTERBOUND(#2414,.T.);
#2416=IFCFACE((#2415));
#2417=IFCPOLYLOOP((#683,#560,#500));
#2418=IFCFACEOUTERBOUND(#2417,.T.);
#2419=IFCFACE((#2418));
#2420=IFCPOLYLOOP((#552,#445,#494));
#2421=IFCFACEOUTERBOUND(#2420,.T.);
#2422=IFCFACE((#2421));
#2423=IFCPOLYLOOP((#791,#790,#634));
#2424=IFCFACEOUTERBOUND(#2423,.T.);
#2425=IFCFACE((#2424));
#2426=IFCPOLYLOOP((#513,#627,#521));
#2427=IFCFACEOUTERBOUND(#2426,.T.);
#2428=IFCFACE((#2427));
#2429=IFCPOLYLOOP((#510,#557,#654));
#2430=IFCFACEOUTERBOUND(#2429,.T.);
#2431=IFCFACE((#2430));
#2432=IFCPOLYLOOP((#753,#737,#586));
#2433=IFCFACEOUTERBOUND(#2432,.T.);
#2434=IFCFACE((#2433));
#2435=IFCPOLYLOOP((#610,#543,#557));
#2436=IFCFACEOUTERBOUND(#2435,.T.);
#2437=IFCFACE((#2436));
#2438=IFCPOLYLOOP((#747,#737,#753));
#2439=IFCFACEOUTERBOUND(#2438,.T.);
#2440=IFCFACE((#2439));
#2441=IFCPOLYLOOP((#538,#563,#543));
#2442=IFCFACEOUTERBOUND(#2441,.T.);
#2443=IFCFACE((#2442));
#2444=IFCPOLYLOOP((#553,#555,#437));
#2445=IFCFACEOUTERBOUND(#2444,.T.);
#2446=IFCFACE((#2445));
#2447=IFCPOLYLOOP((#555,#553,#604));
#2448=IFCFACEOUTERBOUND(#2447,.T.);
#2449=IFCFACE((#2448));
#2450=IFCPOLYLOOP((#660,#659,#651));
#2451=IFCFACEOUTERBOUND(#2450,.T.);
#2452=IFCFACE((#2451));
#2453=IFCPOLYLOOP((#601,#602,#517));
#2454=IFCFACEOUTERBOUND(#2453,.T.);
#2455=IFCFACE((#2454));
#2456=IFCPOLYLOOP((#520,#526,#534));
#2457=IFCFACEOUTERBOUND(#2456,.T.);
#2458=IFCFACE((#2457));
#2459=IFCPOLYLOOP((#443,#482,#552));
#2460=IFCFACEOUTERBOUND(#2459,.T.);
#2461=IFCFACE((#2460));
#2462=IFCPOLYLOOP((#742,#668,#670));
#2463=IFCFACEOUTERBOUND(#2462,.T.);
#2464=IFCFACE((#2463));
#2465=IFCPOLYLOOP((#577,#518,#541));
#2466=IFCFACEOUTERBOUND(#2465,.T.);
#2467=IFCFACE((#2466));
#2468=IFCPOLYLOOP((#569,#517,#602));
#2469=IFCFACEOUTERBOUND(#2468,.T.);
#2470=IFCFACE((#2469));
#2471=IFCPOLYLOOP((#573,#546,#547));
#2472=IFCFACEOUTERBOUND(#2471,.T.);
#2473=IFCFACE((#2472));
#2474=IFCPOLYLOOP((#661,#457,#458));
#2475=IFCFACEOUTERBOUND(#2474,.T.);
#2476=IFCFACE((#2475));
#2477=IFCPOLYLOOP((#435,#489,#604));
#2478=IFCFACEOUTERBOUND(#2477,.T.);
#2479=IFCFACE((#2478));
#2480=IFCPOLYLOOP((#714,#717,#716));
#2481=IFCFACEOUTERBOUND(#2480,.T.);
#2482=IFCFACE((#2481));
#2483=IFCPOLYLOOP((#569,#491,#533));
#2484=IFCFACEOUTERBOUND(#2483,.T.);
#2485=IFCFACE((#2484));
#2486=IFCPOLYLOOP((#734,#720,#746));
#2487=IFCFACEOUTERBOUND(#2486,.T.);
#2488=IFCFACE((#2487));
#2489=IFCPOLYLOOP((#575,#487,#591));
#2490=IFCFACEOUTERBOUND(#2489,.T.);
#2491=IFCFACE((#2490));
#2492=IFCPOLYLOOP((#647,#427,#544));
#2493=IFCFACEOUTERBOUND(#2492,.T.);
#2494=IFCFACE((#2493));
#2495=IFCPOLYLOOP((#770,#768,#760));
#2496=IFCFACEOUTERBOUND(#2495,.T.);
#2497=IFCFACE((#2496));
#2498=IFCPOLYLOOP((#739,#736,#745));
#2499=IFCFACEOUTERBOUND(#2498,.T.);
#2500=IFCFACE((#2499));
#2501=IFCPOLYLOOP((#747,#746,#720));
#2502=IFCFACEOUTERBOUND(#2501,.T.);
#2503=IFCFACE((#2502));
#2504=IFCPOLYLOOP((#533,#448,#480));
#2505=IFCFACEOUTERBOUND(#2504,.T.);
#2506=IFCFACE((#2505));
#2507=IFCPOLYLOOP((#683,#589,#619));
#2508=IFCFACEOUTERBOUND(#2507,.T.);
#2509=IFCFACE((#2508));
#2510=IFCPOLYLOOP((#693,#623,#472));
#2511=IFCFACEOUTERBOUND(#2510,.T.);
#2512=IFCFACE((#2511));
#2513=IFCPOLYLOOP((#739,#690,#682));
#2514=IFCFACEOUTERBOUND(#2513,.T.);
#2515=IFCFACE((#2514));
#2516=IFCPOLYLOOP((#588,#486,#478));
#2517=IFCFACEOUTERBOUND(#2516,.T.);
#2518=IFCFACE((#2517));
#2519=IFCPOLYLOOP((#692,#691,#687));
#2520=IFCFACEOUTERBOUND(#2519,.T.);
#2521=IFCFACE((#2520));
#2522=IFCPOLYLOOP((#639,#493,#667));
#2523=IFCFACEOUTERBOUND(#2522,.T.);
#2524=IFCFACE((#2523));
#2525=IFCPOLYLOOP((#515,#570,#600));
#2526=IFCFACEOUTERBOUND(#2525,.T.);
#2527=IFCFACE((#2526));
#2528=IFCPOLYLOOP((#461,#483,#574));
#2529=IFCFACEOUTERBOUND(#2528,.T.);
#2530=IFCFACE((#2529));
#2531=IFCPOLYLOOP((#429,#505,#542));
#2532=IFCFACEOUTERBOUND(#2531,.T.);
#2533=IFCFACE((#2532));
#2534=IFCPOLYLOOP((#453,#439,#485));
#2535=IFCFACEOUTERBOUND(#2534,.T.);
#2536=IFCFACE((#2535));
#2537=IFCPOLYLOOP((#509,#436,#530));
#2538=IFCFACEOUTERBOUND(#2537,.T.);
#2539=IFCFACE((#2538));
#2540=IFCPOLYLOOP((#554,#452,#549));
#2541=IFCFACEOUTERBOUND(#2540,.T.);
#2542=IFCFACE((#2541));
#2543=IFCPOLYLOOP((#614,#500,#740));
#2544=IFCFACEOUTERBOUND(#2543,.T.);
#2545=IFCFACE((#2544));
#2546=IFCPOLYLOOP((#791,#789,#788));
#2547=IFCFACEOUTERBOUND(#2546,.T.);
#2548=IFCFACE((#2547));
#2549=IFCPOLYLOOP((#427,#524,#430));
#2550=IFCFACEOUTERBOUND(#2549,.T.);
#2551=IFCFACE((#2550));
#2552=IFCPOLYLOOP((#635,#476,#607));
#2553=IFCFACEOUTERBOUND(#2552,.T.);
#2554=IFCFACE((#2553));
#2555=IFCPOLYLOOP((#621,#643,#496));
#2556=IFCFACEOUTERBOUND(#2555,.T.);
#2557=IFCFACE((#2556));
#2558=IFCPOLYLOOP((#796,#740,#500));
#2559=IFCFACEOUTERBOUND(#2558,.T.);
#2560=IFCFACE((#2559));
#2561=IFCPOLYLOOP((#516,#525,#730));
#2562=IFCFACEOUTERBOUND(#2561,.T.);
#2563=IFCFACE((#2562));
#2564=IFCPOLYLOOP((#642,#529,#470));
#2565=IFCFACEOUTERBOUND(#2564,.T.);
#2566=IFCFACE((#2565));
#2567=IFCPOLYLOOP((#457,#661,#694));
#2568=IFCFACEOUTERBOUND(#2567,.T.);
#2569=IFCFACE((#2568));
#2570=IFCPOLYLOOP((#490,#646,#576));
#2571=IFCFACEOUTERBOUND(#2570,.T.);
#2572=IFCFACE((#2571));
#2573=IFCPOLYLOOP((#737,#747,#723));
#2574=IFCFACEOUTERBOUND(#2573,.T.);
#2575=IFCFACE((#2574));
#2576=IFCPOLYLOOP((#718,#715,#725));
#2577=IFCFACEOUTERBOUND(#2576,.T.);
#2578=IFCFACE((#2577));
#2579=IFCPOLYLOOP((#616,#600,#580));
#2580=IFCFACEOUTERBOUND(#2579,.T.);
#2581=IFCFACE((#2580));
#2582=IFCPOLYLOOP((#531,#702,#607));
#2583=IFCFACEOUTERBOUND(#2582,.T.);
#2584=IFCFACE((#2583));
#2585=IFCPOLYLOOP((#744,#743,#745));
#2586=IFCFACEOUTERBOUND(#2585,.T.);
#2587=IFCFACE((#2586));
#2588=IFCPOLYLOOP((#593,#562,#504));
#2589=IFCFACEOUTERBOUND(#2588,.T.);
#2590=IFCFACE((#2589));
#2591=IFCPOLYLOOP((#482,#728,#640));
#2592=IFCFACEOUTERBOUND(#2591,.T.);
#2593=IFCFACE((#2592));
#2594=IFCPOLYLOOP((#704,#705,#712));
#2595=IFCFACEOUTERBOUND(#2594,.T.);
#2596=IFCFACE((#2595));
#2597=IFCPOLYLOOP((#605,#656,#596));
#2598=IFCFACEOUTERBOUND(#2597,.T.);
#2599=IFCFACE((#2598));
#2600=IFCPOLYLOOP((#770,#523,#667));
#2601=IFCFACEOUTERBOUND(#2600,.T.);
#2602=IFCFACE((#2601));
#2603=IFCPOLYLOOP((#595,#586,#587));
#2604=IFCFACEOUTERBOUND(#2603,.T.);
#2605=IFCFACE((#2604));
#2606=IFCPOLYLOOP((#469,#526,#784));
#2607=IFCFACEOUTERBOUND(#2606,.T.);
#2608=IFCFACE((#2607));
#2609=IFCPOLYLOOP((#620,#613,#658));
#2610=IFCFACEOUTERBOUND(#2609,.T.);
#2611=IFCFACE((#2610));
#2612=IFCPOLYLOOP((#585,#593,#663));
#2613=IFCFACEOUTERBOUND(#2612,.T.);
#2614=IFCFACE((#2613));
#2615=IFCPOLYLOOP((#638,#487,#719));
#2616=IFCFACEOUTERBOUND(#2615,.T.);
#2617=IFCFACE((#2616));
#2618=IFCPOLYLOOP((#614,#643,#621));
#2619=IFCFACEOUTERBOUND(#2618,.T.);
#2620=IFCFACE((#2619));
#2621=IFCPOLYLOOP((#674,#589,#587));
#2622=IFCFACEOUTERBOUND(#2621,.T.);
#2623=IFCFACE((#2622));
#2624=IFCPOLYLOOP((#623,#435,#537));
#2625=IFCFACEOUTERBOUND(#2624,.T.);
#2626=IFCFACE((#2625));
#2627=IFCPOLYLOOP((#657,#727,#787));
#2628=IFCFACEOUTERBOUND(#2627,.T.);
#2629=IFCFACE((#2628));
#2630=IFCPOLYLOOP((#591,#487,#494));
#2631=IFCFACEOUTERBOUND(#2630,.T.);
#2632=IFCFACE((#2631));
#2633=IFCPOLYLOOP((#781,#721,#749));
#2634=IFCFACEOUTERBOUND(#2633,.T.);
#2635=IFCFACE((#2634));
#2636=IFCPOLYLOOP((#564,#706,#531));
#2637=IFCFACEOUTERBOUND(#2636,.T.);
#2638=IFCFACE((#2637));
#2639=IFCPOLYLOOP((#673,#675,#682));
#2640=IFCFACEOUTERBOUND(#2639,.T.);
#2641=IFCFACE((#2640));
#2642=IFCPOLYLOOP((#552,#530,#537));
#2643=IFCFACEOUTERBOUND(#2642,.T.);
#2644=IFCFACE((#2643));
#2645=IFCPOLYLOOP((#525,#619,#589));
#2646=IFCFACEOUTERBOUND(#2645,.T.);
#2647=IFCFACE((#2646));
#2648=IFCPOLYLOOP((#547,#479,#520));
#2649=IFCFACEOUTERBOUND(#2648,.T.);
#2650=IFCFACE((#2649));
#2651=IFCPOLYLOOP((#468,#488,#696));
#2652=IFCFACEOUTERBOUND(#2651,.T.);
#2653=IFCFACE((#2652));
#2654=IFCPOLYLOOP((#651,#540,#541));
#2655=IFCFACEOUTERBOUND(#2654,.T.);
#2656=IFCFACE((#2655));
#2657=IFCPOLYLOOP((#488,#680,#510));
#2658=IFCFACEOUTERBOUND(#2657,.T.);
#2659=IFCFACE((#2658));
#2660=IFCPOLYLOOP((#678,#677,#692));
#2661=IFCFACEOUTERBOUND(#2660,.T.);
#2662=IFCFACE((#2661));
#2663=IFCPOLYLOOP((#678,#676,#652));
#2664=IFCFACEOUTERBOUND(#2663,.T.);
#2665=IFCFACE((#2664));
#2666=IFCPOLYLOOP((#737,#710,#674));
#2667=IFCFACEOUTERBOUND(#2666,.T.);
#2668=IFCFACE((#2667));
#2669=IFCPOLYLOOP((#438,#447,#424));
#2670=IFCFACEOUTERBOUND(#2669,.T.);
#2671=IFCFACE((#2670));
#2672=IFCPOLYLOOP((#694,#661,#592));
#2673=IFCFACEOUTERBOUND(#2672,.T.);
#2674=IFCFACE((#2673));
#2675=IFCPOLYLOOP((#783,#520,#479));
#2676=IFCFACEOUTERBOUND(#2675,.T.);
#2677=IFCFACE((#2676));
#2678=IFCPOLYLOOP((#469,#470,#529));
#2679=IFCFACEOUTERBOUND(#2678,.T.);
#2680=IFCFACE((#2679));
#2681=IFCPOLYLOOP((#581,#719,#593));
#2682=IFCFACEOUTERBOUND(#2681,.T.);
#2683=IFCFACE((#2682));
#2684=IFCPOLYLOOP((#611,#509,#656));
#2685=IFCFACEOUTERBOUND(#2684,.T.);
#2686=IFCFACE((#2685));
#2687=IFCPOLYLOOP((#679,#691,#692));
#2688=IFCFACEOUTERBOUND(#2687,.T.);
#2689=IFCFACE((#2688));
#2690=IFCPOLYLOOP((#576,#689,#787));
#2691=IFCFACEOUTERBOUND(#2690,.T.);
#2692=IFCFACE((#2691));
#2693=IFCPOLYLOOP((#590,#693,#441));
#2694=IFCFACEOUTERBOUND(#2693,.T.);
#2695=IFCFACE((#2694));
#2696=IFCPOLYLOOP((#733,#753,#595));
#2697=IFCFACEOUTERBOUND(#2696,.T.);
#2698=IFCFACE((#2697));
#2699=IFCPOLYLOOP((#694,#522,#464));
#2700=IFCFACEOUTERBOUND(#2699,.T.);
#2701=IFCFACE((#2700));
#2702=IFCPOLYLOOP((#685,#743,#738));
#2703=IFCFACEOUTERBOUND(#2702,.T.);
#2704=IFCFACE((#2703));
#2705=IFCPOLYLOOP((#708,#559,#717));
#2706=IFCFACEOUTERBOUND(#2705,.T.);
#2707=IFCFACE((#2706));
#2708=IFCPOLYLOOP((#580,#600,#570));
#2709=IFCFACEOUTERBOUND(#2708,.T.);
#2710=IFCFACE((#2709));
#2711=IFCPOLYLOOP((#688,#734,#726));
#2712=IFCFACEOUTERBOUND(#2711,.T.);
#2713=IFCFACE((#2712));
#2714=IFCPOLYLOOP((#547,#532,#571));
#2715=IFCFACEOUTERBOUND(#2714,.T.);
#2716=IFCFACE((#2715));
#2717=IFCPOLYLOOP((#709,#534,#535));
#2718=IFCFACEOUTERBOUND(#2717,.T.);
#2719=IFCFACE((#2718));
#2720=IFCPOLYLOOP((#687,#691,#522));
#2721=IFCFACEOUTERBOUND(#2720,.T.);
#2722=IFCFACE((#2721));
#2723=IFCPOLYLOOP((#544,#427,#463));
#2724=IFCFACEOUTERBOUND(#2723,.T.);
#2725=IFCFACE((#2724));
#2726=IFCPOLYLOOP((#676,#687,#592));
#2727=IFCFACEOUTERBOUND(#2726,.T.);
#2728=IFCFACE((#2727));
#2729=IFCPOLYLOOP((#455,#445,#537));
#2730=IFCFACEOUTERBOUND(#2729,.T.);
#2731=IFCFACE((#2730));
#2732=IFCPOLYLOOP((#512,#456,#424));
#2733=IFCFACEOUTERBOUND(#2732,.T.);
#2734=IFCFACE((#2733));
#2735=IFCPOLYLOOP((#708,#706,#564));
#2736=IFCFACEOUTERBOUND(#2735,.T.);
#2737=IFCFACE((#2736));
#2738=IFCPOLYLOOP((#498,#425,#433));
#2739=IFCFACEOUTERBOUND(#2738,.T.);
#2740=IFCFACE((#2739));
#2741=IFCPOLYLOOP((#516,#754,#599));
#2742=IFCFACEOUTERBOUND(#2741,.T.);
#2743=IFCFACE((#2742));
#2744=IFCPOLYLOOP((#706,#700,#701));
#2745=IFCFACEOUTERBOUND(#2744,.T.);
#2746=IFCFACE((#2745));
#2747=IFCPOLYLOOP((#663,#504,#560));
#2748=IFCFACEOUTERBOUND(#2747,.T.);
#2749=IFCFACE((#2748));
#2750=IFCPOLYLOOP((#753,#733,#739));
#2751=IFCFACEOUTERBOUND(#2750,.T.);
#2752=IFCFACE((#2751));
#2753=IFCPOLYLOOP((#647,#659,#660));
#2754=IFCFACEOUTERBOUND(#2753,.T.);
#2755=IFCFACE((#2754));
#2756=IFCPOLYLOOP((#596,#656,#640));
#2757=IFCFACEOUTERBOUND(#2756,.T.);
#2758=IFCFACE((#2757));
#2759=IFCPOLYLOOP((#598,#573,#515));
#2760=IFCFACEOUTERBOUND(#2759,.T.);
#2761=IFCFACE((#2760));
#2762=IFCPOLYLOOP((#524,#427,#647));
#2763=IFCFACEOUTERBOUND(#2762,.T.);
#2764=IFCFACE((#2763));
#2765=IFCPOLYLOOP((#793,#446,#792));
#2766=IFCFACEOUTERBOUND(#2765,.T.);
#2767=IFCFACE((#2766));
#2768=IFCPOLYLOOP((#522,#653,#490));
#2769=IFCFACEOUTERBOUND(#2768,.T.);
#2770=IFCFACE((#2769));
#2771=IFCPOLYLOOP((#567,#649,#613));
#2772=IFCFACEOUTERBOUND(#2771,.T.);
#2773=IFCFACE((#2772));
#2774=IFCPOLYLOOP((#473,#425,#498));
#2775=IFCFACEOUTERBOUND(#2774,.T.);
#2776=IFCFACE((#2775));
#2777=IFCPOLYLOOP((#554,#502,#481));
#2778=IFCFACEOUTERBOUND(#2777,.T.);
#2779=IFCFACE((#2778));
#2780=IFCPOLYLOOP((#449,#630,#664));
#2781=IFCFACEOUTERBOUND(#2780,.T.);
#2782=IFCFACE((#2781));
#2783=IFCPOLYLOOP((#531,#479,#547));
#2784=IFCFACEOUTERBOUND(#2783,.T.);
#2785=IFCFACE((#2784));
#2786=IFCPOLYLOOP((#561,#563,#609));
#2787=IFCFACEOUTERBOUND(#2786,.T.);
#2788=IFCFACE((#2787));
#2789=IFCPOLYLOOP((#503,#530,#552));
#2790=IFCFACEOUTERBOUND(#2789,.T.);
#2791=IFCFACE((#2790));
#2792=IFCPOLYLOOP((#530,#436,#472));
#2793=IFCFACEOUTERBOUND(#2792,.T.);
#2794=IFCFACE((#2793));
#2795=IFCPOLYLOOP((#631,#572,#450));
#2796=IFCFACEOUTERBOUND(#2795,.T.);
#2797=IFCFACE((#2796));
#2798=IFCPOLYLOOP((#466,#439,#451));
#2799=IFCFACEOUTERBOUND(#2798,.T.);
#2800=IFCFACE((#2799));
#2801=IFCPOLYLOOP((#625,#616,#617));
#2802=IFCFACEOUTERBOUND(#2801,.T.);
#2803=IFCFACE((#2802));
#2804=IFCPOLYLOOP((#650,#651,#659));
#2805=IFCFACEOUTERBOUND(#2804,.T.);
#2806=IFCFACE((#2805));
#2807=IFCPOLYLOOP((#582,#508,#638));
#2808=IFCFACEOUTERBOUND(#2807,.T.);
#2809=IFCFACE((#2808));
#2810=IFCPOLYLOOP((#726,#734,#685));
#2811=IFCFACEOUTERBOUND(#2810,.T.);
#2812=IFCFACE((#2811));
#2813=IFCPOLYLOOP((#505,#497,#481));
#2814=IFCFACEOUTERBOUND(#2813,.T.);
#2815=IFCFACE((#2814));
#2816=IFCPOLYLOOP((#606,#615,#611));
#2817=IFCFACEOUTERBOUND(#2816,.T.);
#2818=IFCFACE((#2817));
#2819=IFCPOLYLOOP((#426,#422,#554));
#2820=IFCFACEOUTERBOUND(#2819,.T.);
#2821=IFCFACE((#2820));
#2822=IFCPOLYLOOP((#647,#467,#658));
#2823=IFCFACEOUTERBOUND(#2822,.T.);
#2824=IFCFACE((#2823));
#2825=IFCPOLYLOOP((#444,#430,#698));
#2826=IFCFACEOUTERBOUND(#2825,.T.);
#2827=IFCFACE((#2826));
#2828=IFCPOLYLOOP((#497,#505,#429));
#2829=IFCFACEOUTERBOUND(#2828,.T.);
#2830=IFCFACE((#2829));
#2831=IFCPOLYLOOP((#715,#688,#695));
#2832=IFCFACEOUTERBOUND(#2831,.T.);
#2833=IFCFACE((#2832));
#2834=IFCPOLYLOOP((#566,#565,#535));
#2835=IFCFACEOUTERBOUND(#2834,.T.);
#2836=IFCFACE((#2835));
#2837=IFCPOLYLOOP((#462,#436,#624));
#2838=IFCFACEOUTERBOUND(#2837,.T.);
#2839=IFCFACE((#2838));
#2840=IFCPOLYLOOP((#434,#432,#464));
#2841=IFCFACEOUTERBOUND(#2840,.T.);
#2842=IFCFACE((#2841));
#2843=IFCPOLYLOOP((#655,#564,#546));
#2844=IFCFACEOUTERBOUND(#2843,.T.);
#2845=IFCFACE((#2844));
#2846=IFCPOLYLOOP((#461,#437,#459));
#2847=IFCFACEOUTERBOUND(#2846,.T.);
#2848=IFCFACE((#2847));
#2849=IFCPOLYLOOP((#693,#462,#506));
#2850=IFCFACEOUTERBOUND(#2849,.T.);
#2851=IFCFACE((#2850));
#2852=IFCPOLYLOOP((#636,#470,#469));
#2853=IFCFACEOUTERBOUND(#2852,.T.);
#2854=IFCFACE((#2853));
#2855=IFCPOLYLOOP((#460,#558,#662));
#2856=IFCFACEOUTERBOUND(#2855,.T.);
#2857=IFCFACE((#2856));
#2858=IFCPOLYLOOP((#732,#695,#713));
#2859=IFCFACEOUTERBOUND(#2858,.T.);
#2860=IFCFACE((#2859));
#2861=IFCPOLYLOOP((#490,#672,#507));
#2862=IFCFACEOUTERBOUND(#2861,.T.);
#2863=IFCFACE((#2862));
#2864=IFCPOLYLOOP((#731,#508,#582));
#2865=IFCFACEOUTERBOUND(#2864,.T.);
#2866=IFCFACE((#2865));
#2867=IFCPOLYLOOP((#669,#677,#671));
#2868=IFCFACEOUTERBOUND(#2867,.T.);
#2869=IFCFACE((#2868));
#2870=IFCPOLYLOOP((#489,#499,#438));
#2871=IFCFACEOUTERBOUND(#2870,.T.);
#2872=IFCFACE((#2871));
#2873=IFCPOLYLOOP((#577,#652,#592));
#2874=IFCFACEOUTERBOUND(#2873,.T.);
#2875=IFCFACE((#2874));
#2876=IFCPOLYLOOP((#480,#448,#429));
#2877=IFCFACEOUTERBOUND(#2876,.T.);
#2878=IFCFACE((#2877));
#2879=IFCPOLYLOOP((#475,#454,#792));
#2880=IFCFACEOUTERBOUND(#2879,.T.);
#2881=IFCFACE((#2880));
#2882=IFCPOLYLOOP((#658,#613,#649));
#2883=IFCFACEOUTERBOUND(#2882,.T.);
#2884=IFCFACE((#2883));
#2885=IFCPOLYLOOP((#783,#784,#526));
#2886=IFCFACEOUTERBOUND(#2885,.T.);
#2887=IFCFACE((#2886));
#2888=IFCPOLYLOOP((#712,#714,#735));
#2889=IFCFACEOUTERBOUND(#2888,.T.);
#2890=IFCFACE((#2889));
#2891=IFCPOLYLOOP((#466,#533,#491));
#2892=IFCFACEOUTERBOUND(#2891,.T.);
#2893=IFCFACE((#2892));
#2894=IFCPOLYLOOP((#483,#461,#484));
#2895=IFCFACEOUTERBOUND(#2894,.T.);
#2896=IFCFACE((#2895));
#2897=IFCPOLYLOOP((#512,#452,#440));
#2898=IFCFACEOUTERBOUND(#2897,.T.);
#2899=IFCFACE((#2898));
#2900=IFCPOLYLOOP((#690,#691,#681));
#2901=IFCFACEOUTERBOUND(#2900,.T.);
#2902=IFCFACE((#2901));
#2903=IFCPOLYLOOP((#474,#424,#456));
#2904=IFCFACEOUTERBOUND(#2903,.T.);
#2905=IFCFACE((#2904));
#2906=IFCPOLYLOOP((#488,#468,#608));
#2907=IFCFACEOUTERBOUND(#2906,.T.);
#2908=IFCFACE((#2907));
#2909=IFCPOLYLOOP((#556,#494,#487));
#2910=IFCFACEOUTERBOUND(#2909,.T.);
#2911=IFCFACE((#2910));
#2912=IFCPOLYLOOP((#754,#750,#751));
#2913=IFCFACEOUTERBOUND(#2912,.T.);
#2914=IFCFACE((#2913));
#2915=IFCPOLYLOOP((#736,#682,#675));
#2916=IFCFACEOUTERBOUND(#2915,.T.);
#2917=IFCFACE((#2916));
#2918=IFCPOLYLOOP((#548,#444,#433));
#2919=IFCFACEOUTERBOUND(#2918,.T.);
#2920=IFCFACE((#2919));
#2921=IFCPOLYLOOP((#521,#542,#549));
#2922=IFCFACEOUTERBOUND(#2921,.T.);
#2923=IFCFACE((#2922));
#2924=IFCPOLYLOOP((#740,#796,#426));
#2925=IFCFACEOUTERBOUND(#2924,.T.);
#2926=IFCFACE((#2925));
#2927=IFCPOLYLOOP((#795,#504,#579));
#2928=IFCFACEOUTERBOUND(#2927,.T.);
#2929=IFCFACE((#2928));
#2930=IFCPOLYLOOP((#796,#560,#504));
#2931=IFCFACEOUTERBOUND(#2930,.T.);
#2932=IFCFACE((#2931));
#2933=IFCPOLYLOOP((#735,#714,#695));
#2934=IFCFACEOUTERBOUND(#2933,.T.);
#2935=IFCFACE((#2934));
#2936=IFCCLOSEDSHELL((#799,#802,#805,#808,#811,#814,#817,#820,#823,#826,#829,#832,#835,#838,#841,#844,#847,#850,#853,#856,#859,#862,#865,#868,#871,#874,#877,#880,#883,#886,#889,#892,#895,#898,#901,#904,#907,#910,#913,#916,#919,#922,#925,#928,#931,#934,#937,#940,#943,#946,#949,#952,#955,#958,#961,#964,#967,#970,#973,#976,#979,#982,#985,#988,#991,#994,#997,#1000,#1003,#1006,#1009,#1012,#1015,#1018,#1021,#1024,#1027,#1030,#1033,#1036,#1039,#1042,#1045,#1048,#1051,#1054,#1057,#1060,#1063,#1066,#1069,#1072,#1075,#1078,#1081,#1084,#1087,#1090,#1093,#1096,#1099,#1102,#1105,#1108,#1111,#1114,#1117,#1120,#1123,#1126,#1129,#1132,#1135,#1138,#1141,#1144,#1147,#1150,#1153,#1156,#1159,#1162,#1165,#1168,#1171,#1174,#1177,#1180,#1183,#1186,#1189,#1192,#1195,#1198,#1201,#1204,#1207,#1210,#1213,#1216,#1219,#1222,#1225,#1228,#1231,#1234,#1237,#1240,#1243,#1246,#1249,#1252,#1255,#1258,#1261,#1264,#1267,#1270,#1273,#1276,#1279,#1282,#1285,#1288,#1291,#1294,#1297,#1300,#1303,#1306,#1309,#1312,#1315,#1318,#1321,#1324,#1327,#1330,#1333,#1336,#1339,#1342,#1345,#1348,#1351,#1354,#1357,#1360,#1363,#1366,#1369,#1372,#1375,#1378,#1381,#1384,#1387,#1390,#1393,#1396,#1399,#1402,#1405,#1408,#1411,#1414,#1417,#1420,#1423,#1426,#1429,#1432,#1435,#1438,#1441,#1444,#1447,#1450,#1453,#1456,#1459,#1462,#1465,#1468,#1471,#1474,#1477,#1480,#1483,#1486,#1489,#1492,#1495,#1498,#1501,#1504,#1507,#1510,#1513,#1516,#1519,#1522,#1525,#1528,#1531,#1534,#1537,#1540,#1543,#1546,#1549,#1552,#1555,#1558,#1561,#1564,#1567,#1570,#1573,#1576,#1579,#1582,#1585,#1588,#1591,#1594,#1597,#1600,#1603,#1606,#1609,#1612,#1615,#1618,#1621,#1624,#1627,#1630,#1633,#1636,#1639,#1642,#1645,#1648,#1651,#1654,#1657,#1660,#1663,#1666,#1669,#1672,#1675,#1678,#1681,#1684,#1687,#1690,#1693,#1696,#1699,#1702,#1705,#1708,#1711,#1714,#1717,#1720,#1723,#1726,#1729,#1732,#1735,#1738,#1741,#1744,#1747,#1750,#1753,#1756,#1759,#1762,#1765,#1768,#1771,#1774,#1777,#1780,#1783,#1786,#1789,#1792,#1795,#1798,#1801,#1804,#1807,#1810,#1813,#1816,#1819,#1822,#1825,#1828,#1831,#1834,#1837,#1840,#1843,#1846,#1849,#1852,#1855,#1858,#1861,#1864,#1867,#1870,#1873,#1876,#1879,#1882,#1885,#1888,#1891,#1894,#1897,#1900,#1903,#1906,#1909,#1912,#1915,#1918,#1921,#1924,#1927,#1930,#1933,#1936,#1939,#1942,#1945,#1948,#1951,#1954,#1957,#1960,#1963,#1966,#1969,#1972,#1975,#1978,#1981,#1984,#1987,#1990,#1993,#1996,#1999,#2002,#2005,#2008,#2011,#2014,#2017,#2020,#2023,#2026,#2029,#2032,#2035,#2038,#2041,#2044,#2047,#2050,#2053,#2056,#2059,#2062,#2065,#2068,#2071,#2074,#2077,#2080,#2083,#2086,#2089,#2092,#2095,#2098,#2101,#2104,#2107,#2110,#2113,#2116,#2119,#2122,#2125,#2128,#2131,#2134,#2137,#2140,#2143,#2146,#2149,#2152,#2155,#2158,#2161,#2164,#2167,#2170,#2173,#2176,#2179,#2182,#2185,#2188,#2191,#2194,#2197,#2200,#2203,#2206,#2209,#2212,#2215,#2218,#2221,#2224,#2227,#2230,#2233,#2236,#2239,#2242,#2245,#2248,#2251,#2254,#2257,#2260,#2263,#2266,#2269,#2272,#2275,#2278,#2281,#2284,#2287,#2290,#2293,#2296,#2299,#2302,#2305,#2308,#2311,#2314,#2317,#2320,#2323,#2326,#2329,#2332,#2335,#2338,#2341,#2344,#2347,#2350,#2353,#2356,#2359,#2362,#2365,#2368,#2371,#2374,#2377,#2380,#2383,#2386,#2389,#2392,#2395,#2398,#2401,#2404,#2407,#2410,#2413,#2416,#2419,#2422,#2425,#2428,#2431,#2434,#2437,#2440,#2443,#2446,#2449,#2452,#2455,#2458,#2461,#2464,#2467,#2470,#2473,#2476,#2479,#2482,#2485,#2488,#2491,#2494,#2497,#2500,#2503,#2506,#2509,#2512,#2515,#2518,#2521,#2524,#2527,#2530,#2533,#2536,#2539,#2542,#2545,#2548,#2551,#2554,#2557,#2560,#2563,#2566,#2569,#2572,#2575,#2578,#2581,#2584,#2587,#2590,#2593,#2596,#2599,#2602,#2605,#2608,#2611,#2614,#2617,#2620,#2623,#2626,#2629,#2632,#2635,#2638,#2641,#2644,#2647,#2650,#2653,#2656,#2659,#2662,#2665,#2668,#2671,#2674,#2677,#2680,#2683,#2686,#2689,#2692,#2695,#2698,#2701,#2704,#2707,#2710,#2713,#2716,#2719,#2722,#2725,#2728,#2731,#2734,#2737,#2740,#2743,#2746,#2749,#2752,#2755,#2758,#2761,#2764,#2767,#2770,#2773,#2776,#2779,#2782,#2785,#2788,#2791,#2794,#2797,#2800,#2803,#2806,#2809,#2812,#2815,#2818,#2821,#2824,#2827,#2830,#2833,#2836,#2839,#2842,#2845,#2848,#2851,#2854,#2857,#2860,#2863,#2866,#2869,#2872,#2875,#2878,#2881,#2884,#2887,#2890,#2893,#2896,#2899,#2902,#2905,#2908,#2911,#2914,#2917,#2920,#2923,#2926,#2929,#2932,#2935));
#2937=IFCFACETEDBREP(#2936);
#2938=IFCSHAPEREPRESENTATION(#23,'Body','Brep',(#2937));
#2939=IFCCARTESIANPOINT((0.,0.,0.));
#2940=IFCDIRECTION((1.,0.,0.));
#2941=IFCDIRECTION((0.,0.,1.));
#2942=IFCAXIS2PLACEMENT3D(#2939,#2941,#2940);
#2943=IFCREPRESENTATIONMAP(#2942,#2938);
#2944=IFCCARTESIANPOINT((-0.16138637065887451,0.00039007142186164856));
#2945=IFCCARTESIANPOINT((-0.16297847032546997,0.030639871954917908));
#2946=IFCCARTESIANPOINT((-0.15291450917720795,0.057619865983724594));
#2947=IFCCARTESIANPOINT((-0.14871649444103241,0.079577423632144928));
#2948=IFCCARTESIANPOINT((-0.14939200878143311,0.10206690430641174));
#2949=IFCCARTESIANPOINT((-0.15144681930541992,0.12579809129238129));
#2950=IFCCARTESIANPOINT((-0.15758013725280762,0.13261689245700836));
#2951=IFCCARTESIANPOINT((-0.16909050941467285,0.13041937351226807));
#2952=IFCCARTESIANPOINT((-0.18084418773651123,0.11846575886011124));
#2953=IFCCARTESIANPOINT((-0.18205273151397705,0.090630009770393372));
#2954=IFCCARTESIANPOINT((-0.18383193016052246,0.055283334106206894));
#2955=IFCCARTESIANPOINT((-0.18368494510650635,0.039627186954021454));
#2956=IFCCARTESIANPOINT((-0.19272436201572418,-0.0046748407185077667));
#2957=IFCPOLYLINE((#2944,#2945,#2946,#2947,#2948,#2949,#2950,#2951,#2952,#2953,#2954,#2955,#2956));
#2958=IFCCARTESIANPOINT((-0.17334897816181183,0.020354844629764557));
#2959=IFCCARTESIANPOINT((-0.16315957903862,0.061749301850795746));
#2960=IFCCARTESIANPOINT((-0.15742804110050201,0.097412213683128357));
#2961=IFCCARTESIANPOINT((-0.16507010161876678,0.11906469613313675));
#2962=IFCPOLYLINE((#2958,#2959,#2960,#2961));
#2963=IFCCARTESIANPOINT((-0.1604561060667038,0.037401944398880005));
#2964=IFCCARTESIANPOINT((-0.13022089004516602,0.047908123582601547));
#2965=IFCCARTESIANPOINT((-0.097748041152954102,0.054015122354030609));
#2966=IFCCARTESIANPOINT((-0.074405312538146973,0.073566257953643799));
#2967=IFCCARTESIANPOINT((-0.037302732467651367,0.089545197784900665));
#2968=IFCCARTESIANPOINT((-0.0052443146705627441,0.085480168461799622));
#2969=IFCCARTESIANPOINT((0.044999957084655762,0.068915322422981262));
#2970=IFCCARTESIANPOINT((0.076898872852325439,0.042041316628456116));
#2971=IFCCARTESIANPOINT((0.10000002384185791,0.020000003278255463));
#2972=IFCCARTESIANPOINT((0.11253142356872559,-0.013411968946456909));
#2973=IFCCARTESIANPOINT((0.11093932390213013,-0.04153897613286972));
#2974=IFCCARTESIANPOINT((0.10191744565963745,-0.074442259967327118));
#2975=IFCCARTESIANPOINT((0.12868034839630127,-0.063855491578578949));
#2976=IFCCARTESIANPOINT((0.13848847150802612,-0.043241940438747406));
#2977=IFCCARTESIANPOINT((0.13483798503875732,-0.013569317758083344));
#2978=IFCCARTESIANPOINT((0.12397217750549316,0.005198843777179718));
#2979=IFCCARTESIANPOINT((0.10000002384185791,0.020000003278255463));
#2980=IFCPOLYLINE((#2963,#2964,#2965,#2966,#2967,#2968,#2969,#2970,#2971,#2972,#2973,#2974,#2975,#2976,#2977,#2978,#2979));
#2981=IFCCARTESIANPOINT((-0.041328907012939453,0.060599461197853088));
#2982=IFCCARTESIANPOINT((-0.055480837821960449,0.046889759600162506));
#2983=IFCCARTESIANPOINT((-0.078035593032836914,0.03671804815530777));
#2984=IFCCARTESIANPOINT((-0.099263548851013184,0.018585853278636932));
#2985=IFCCARTESIANPOINT((-0.13641238212585449,0.0044339001178741455));
#2986=IFCPOLYLINE((#2981,#2982,#2983,#2984,#2985));
#2987=IFCCARTESIANPOINT((-0.14391028881072998,0.0084718838334083557));
#2988=IFCCARTESIANPOINT((-0.12702083587646484,0.023335754871368408));
#2989=IFCCARTESIANPOINT((-0.09957420825958252,0.049370177090167999));
#2990=IFCCARTESIANPOINT((-0.068585038185119629,0.068806946277618408));
#2991=IFCCARTESIANPOINT((-0.029643118381500244,0.076339155435562134));
#2992=IFCCARTESIANPOINT((-0.026734709739685059,0.071213424205780029));
#2993=IFCCARTESIANPOINT((-0.033810734748840332,0.058388218283653259));
#2994=IFCCARTESIANPOINT((-0.058576583862304688,0.019028104841709137));
#2995=IFCCARTESIANPOINT((-0.10368597507476807,-0.0079490616917610168));
#2996=IFCCARTESIANPOINT((-0.13066315650939941,-0.014582782983779907));
#2997=IFCPOLYLINE((#2987,#2988,#2989,#2990,#2991,#2992,#2993,#2994,#2995,#2996));
#2998=IFCCARTESIANPOINT((0.10191744565963745,-0.074442259967327118));
#2999=IFCCARTESIANPOINT((0.077632784843444824,-0.098971568048000336));
#3000=IFCCARTESIANPOINT((0.043521404266357422,-0.12300311774015427));
#3001=IFCCARTESIANPOINT((-0.0018750429153442383,-0.13609877228736877));
#3002=IFCCARTESIANPOINT((-0.044741272926330566,-0.13096630573272705));
#3003=IFCCARTESIANPOINT((-0.075568199157714844,-0.1056242510676384));
#3004=IFCCARTESIANPOINT((-0.11444731801748276,-0.10323779284954071));
#3005=IFCCARTESIANPOINT((-0.14834499359130859,-0.10271396487951279));
#3006=IFCCARTESIANPOINT((-0.12938737869262695,-0.083772622048854828));
#3007=IFCCARTESIANPOINT((-0.11208999156951904,-0.052320875227451324));
#3008=IFCPOLYLINE((#2998,#2999,#3000,#3001,#3002,#3003,#3004,#3005,#3006,#3007));
#3009=IFCCARTESIANPOINT((-0.14834499359130859,-0.10271396487951279));
#3010=IFCCARTESIANPOINT((-0.16057014465332031,-0.11072414368391037));
#3011=IFCCARTESIANPOINT((-0.1875416487455368,-0.11734630912542343));
#3012=IFCCARTESIANPOINT((-0.20576834678649902,-0.106695257127285));
#3013=IFCCARTESIANPOINT((-0.21428406238555908,-0.090513281524181366));
#3014=IFCCARTESIANPOINT((-0.22201275825500488,-0.043585158884525299));
#3015=IFCCARTESIANPOINT((-0.21763527393341064,-0.023688860237598419));
#3016=IFCCARTESIANPOINT((-0.18934997916221619,0.011862918734550476));
#3017=IFCPOLYLINE((#3009,#3010,#3011,#3012,#3013,#3014,#3015,#3016));
#3018=IFCGEOMETRICCURVESET((#2957,#2962,#2980,#2986,#2997,#3008,#3017));
#3019=IFCSHAPEREPRESENTATION(#24,'Body','Annotation2D',(#3018));
#3020=IFCCARTESIANPOINT((0.,0.,0.));
#3021=IFCDIRECTION((1.,0.,0.));
#3022=IFCDIRECTION((0.,0.,1.));
#3023=IFCAXIS2PLACEMENT3D(#3020,#3022,#3021);
#3024=IFCREPRESENTATIONMAP(#3023,#3019);
#3025=IFCOWNERHISTORY(#3,#240,.READWRITE.,.ADDED.,1784292096,#3,#240,1784292096);
#3026=IFCTYPEPRODUCT('0UrP0fLdD5OwzwD41aRKao',#3025,'SETOUT-POINT',$,'IfcAnnotation/SYMBOL',(#3028),$,$);
#3027=IFCOWNERHISTORY(#3,#240,.READWRITE.,.ADDED.,1784292096,#3,#240,1784292096);
#3028=IFCPROPERTYSET('27lmSbeAXC08EWkEq8XdUG',#3027,'EPset_Annotation',$,(#3029));
#3029=IFCPROPERTYSINGLEVALUE('Symbol',$,IFCLABEL('setout-point'),$);
#3030=IFCOWNERHISTORY(#3,#240,.READWRITE.,.ADDED.,1784292096,#3,#240,1784292096);
#3031=IFCTYPEPRODUCT('3IQrQOSFP0WfkuLk0ak7_0',#3030,'CONTROL-POINT',$,'IfcAnnotation/SYMBOL',(#3033),$,$);
#3032=IFCOWNERHISTORY(#3,#240,.READWRITE.,.ADDED.,1784292096,#3,#240,1784292096);
#3033=IFCPROPERTYSET('23aN9DsdjFcfWq8KGSIVoN',#3032,'EPset_Annotation',$,(#3034));
#3034=IFCPROPERTYSINGLEVALUE('Symbol',$,IFCLABEL('control-point'),$);
#3035=IFCOWNERHISTORY(#3,#240,.READWRITE.,.ADDED.,1784292096,#3,#240,1784292096);
#3036=IFCTYPEPRODUCT('3wvbaiaIz8agQgDRzt01vz',#3035,'TRAVERSE-POINT',$,'IfcAnnotation/SYMBOL',(#3038),$,$);
#3037=IFCOWNERHISTORY(#3,#240,.READWRITE.,.ADDED.,1784292096,#3,#240,1784292096);
#3038=IFCPROPERTYSET('1j7aFM1Rb9BRuKgUEn1U10',#3037,'EPset_Annotation',$,(#3039));
#3039=IFCPROPERTYSINGLEVALUE('Symbol',$,IFCLABEL('traverse-point'),$);
#3040=IFCOWNERHISTORY(#3,#240,.READWRITE.,.ADDED.,1784292096,#3,#240,1784292096);
#3041=IFCTYPEPRODUCT('0p5ZTfTnX9ZOywroa7Ffql',#3040,'DASHED',$,'IfcAnnotation/LINEWORK',(#3043),$,$);
#3042=IFCOWNERHISTORY(#3,#240,.READWRITE.,.ADDED.,1784292096,#3,#240,1784292096);
#3043=IFCPROPERTYSET('27smSHyiv39vhBRSwfDVCD',#3042,'EPset_Annotation',$,(#3044));
#3044=IFCPROPERTYSINGLEVALUE('Classes',$,IFCLABEL('dashed'),$);
#3045=IFCOWNERHISTORY(#3,#240,.READWRITE.,.ADDED.,1784292096,#3,#240,1784292096);
#3046=IFCTYPEPRODUCT('2EvrG9Vuf6t9etgMeWFuJ2',#3045,'FINE',$,'IfcAnnotation/LINEWORK',(#3048),$,$);
#3047=IFCOWNERHISTORY(#3,#240,.READWRITE.,.ADDED.,1784292096,#3,#240,1784292096);
#3048=IFCPROPERTYSET('0gVTuDcZ5ByRdR3sZnEZUR',#3047,'EPset_Annotation',$,(#3049));
#3049=IFCPROPERTYSINGLEVALUE('Classes',$,IFCLABEL('fine'),$);
#3050=IFCOWNERHISTORY(#3,#240,.READWRITE.,.ADDED.,1784292096,#3,#240,1784292096);
#3051=IFCTYPEPRODUCT('0IeM1ywXn1qhR_6NhB6N4s',#3050,'THIN',$,'IfcAnnotation/LINEWORK',(#3053),$,$);
#3052=IFCOWNERHISTORY(#3,#240,.READWRITE.,.ADDED.,1784292096,#3,#240,1784292096);
#3053=IFCPROPERTYSET('0t6c$uCeT9092GYkbm8hDS',#3052,'EPset_Annotation',$,(#3054));
#3054=IFCPROPERTYSINGLEVALUE('Classes',$,IFCLABEL('thin'),$);
#3055=IFCOWNERHISTORY(#3,#240,.READWRITE.,.ADDED.,1784292096,#3,#240,1784292096);
#3056=IFCTYPEPRODUCT('1jZVbCwrTCGhZdKbH4uqTP',#3055,'MEDIUM',$,'IfcAnnotation/LINEWORK',(#3058),$,$);
#3057=IFCOWNERHISTORY(#3,#240,.READWRITE.,.ADDED.,1784292096,#3,#240,1784292096);
#3058=IFCPROPERTYSET('2uTJ11lF98GeN8pPIf340N',#3057,'EPset_Annotation',$,(#3059));
#3059=IFCPROPERTYSINGLEVALUE('Classes',$,IFCLABEL('medium'),$);
#3060=IFCOWNERHISTORY(#3,#240,.READWRITE.,.ADDED.,1784292096,#3,#240,1784292096);
#3061=IFCTYPEPRODUCT('38zW9E1uH2ae$zat9KrieS',#3060,'THICK',$,'IfcAnnotation/LINEWORK',(#3063),$,$);
#3062=IFCOWNERHISTORY(#3,#240,.READWRITE.,.ADDED.,1784292096,#3,#240,1784292096);
#3063=IFCPROPERTYSET('2XQxgO16v9vxjvuIJpaPpG',#3062,'EPset_Annotation',$,(#3064));
#3064=IFCPROPERTYSINGLEVALUE('Classes',$,IFCLABEL('thick'),$);
#3065=IFCOWNERHISTORY(#3,#240,.READWRITE.,.ADDED.,1784292096,#3,#240,1784292096);
#3066=IFCTYPEPRODUCT('3G2s7ZLzfDJh5J$2iIzHw9',#3065,'STRONG',$,'IfcAnnotation/LINEWORK',(#3068),$,$);
#3067=IFCOWNERHISTORY(#3,#240,.READWRITE.,.ADDED.,1784292096,#3,#240,1784292096);
#3068=IFCPROPERTYSET('0TcB8Gal96vebTrLWa5CEw',#3067,'EPset_Annotation',$,(#3069));
#3069=IFCPROPERTYSINGLEVALUE('Classes',$,IFCLABEL('strong'),$);
#3070=IFCOWNERHISTORY(#3,#240,.READWRITE.,.MODIFIED.,1784292096,#3,#240,1784292096);
#3071=IFCTYPEPRODUCT('3pq2B$0k52ZOv2bFuRYkxO',#3070,'SETOUT-TAG',$,'IfcAnnotation/TEXT',(#3073),(#3092),$);
#3072=IFCOWNERHISTORY(#3,#240,.READWRITE.,.ADDED.,1784292096,#3,#240,1784292096);
#3073=IFCPROPERTYSET('39$oNFI052cBhtpZCVVLfj',#3072,'EPset_Annotation',$,(#3074));
#3074=IFCPROPERTYSINGLEVALUE('Symbol',$,IFCLABEL('setout-tag'),$);
#3075=IFCCARTESIANPOINT((0.,0.,0.));
#3076=IFCDIRECTION((0.,0.,1.));
#3077=IFCDIRECTION((1.,0.,0.));
#3078=IFCAXIS2PLACEMENT3D(#3075,#3076,#3077);
#3079=IFCPLANAREXTENT(1000.,1000.);
#3080=IFCTEXTLITERALWITHEXTENT('E ``round({{easting}}, 0.001)``',#3078,.RIGHT.,#3079,'center');
#3081=IFCCARTESIANPOINT((0.,0.,0.));
#3082=IFCDIRECTION((0.,0.,1.));
#3083=IFCDIRECTION((1.,0.,0.));
#3084=IFCAXIS2PLACEMENT3D(#3081,#3082,#3083);
#3085=IFCPLANAREXTENT(1000.,1000.);
#3086=IFCTEXTLITERALWITHEXTENT('N ``round({{northing}}, 0.001)``',#3084,.RIGHT.,#3085,'center');
#3087=IFCSHAPEREPRESENTATION(#25,'Annotation','Annotation2D',(#3080,#3086));
#3088=IFCCARTESIANPOINT((0.,0.,0.));
#3089=IFCDIRECTION((1.,0.,0.));
#3090=IFCDIRECTION((0.,0.,1.));
#3091=IFCAXIS2PLACEMENT3D(#3088,#3090,#3089);
#3092=IFCREPRESENTATIONMAP(#3091,#3087);
#3093=IFCOWNERHISTORY(#3,#240,.READWRITE.,.MODIFIED.,1784292096,#3,#240,1784292096);
#3094=IFCTYPEPRODUCT('11M3ahhrr9NBdB29YEazzw',#3093,'DOOR-TAG',$,'IfcAnnotation/TEXT',(#3096),(#3115),$);
#3095=IFCOWNERHISTORY(#3,#240,.READWRITE.,.ADDED.,1784292096,#3,#240,1784292096);
#3096=IFCPROPERTYSET('3xUNoLKPT9kB4LMdoctm5k',#3095,'EPset_Annotation',$,(#3097));
#3097=IFCPROPERTYSINGLEVALUE('Symbol',$,IFCLABEL('door-tag'),$);
#3098=IFCCARTESIANPOINT((0.,0.,0.));
#3099=IFCDIRECTION((0.,0.,1.));
#3100=IFCDIRECTION((1.,0.,0.));
#3101=IFCAXIS2PLACEMENT3D(#3098,#3099,#3100);
#3102=IFCPLANAREXTENT(1000.,1000.);
#3103=IFCTEXTLITERALWITHEXTENT('{{type.Name}}',#3101,.RIGHT.,#3102,'center');
#3104=IFCCARTESIANPOINT((0.,0.,0.));
#3105=IFCDIRECTION((0.,0.,1.));
#3106=IFCDIRECTION((1.,0.,0.));
#3107=IFCAXIS2PLACEMENT3D(#3104,#3105,#3106);
#3108=IFCPLANAREXTENT(1000.,1000.);
#3109=IFCTEXTLITERALWITHEXTENT('{{Name}}',#3107,.RIGHT.,#3108,'center');
#3110=IFCSHAPEREPRESENTATION(#25,'Annotation','Annotation2D',(#3103,#3109));
#3111=IFCCARTESIANPOINT((0.,0.,0.));
#3112=IFCDIRECTION((1.,0.,0.));
#3113=IFCDIRECTION((0.,0.,1.));
#3114=IFCAXIS2PLACEMENT3D(#3111,#3113,#3112);
#3115=IFCREPRESENTATIONMAP(#3114,#3110);
#3116=IFCOWNERHISTORY(#3,#240,.READWRITE.,.MODIFIED.,1784292096,#3,#240,1784292096);
#3117=IFCTYPEPRODUCT('1eE8Y$BVDFDgG8Fj6d9wiV',#3116,'WINDOW-TAG',$,'IfcAnnotation/TEXT',(#3119),(#3132),$);
#3118=IFCOWNERHISTORY(#3,#240,.READWRITE.,.ADDED.,1784292096,#3,#240,1784292096);
#3119=IFCPROPERTYSET('2MqzSGkXDBcPSolaAQvYO4',#3118,'EPset_Annotation',$,(#3120));
#3120=IFCPROPERTYSINGLEVALUE('Symbol',$,IFCLABEL('window-tag'),$);
#3121=IFCCARTESIANPOINT((0.,0.,0.));
#3122=IFCDIRECTION((0.,0.,1.));
#3123=IFCDIRECTION((1.,0.,0.));
#3124=IFCAXIS2PLACEMENT3D(#3121,#3122,#3123);
#3125=IFCPLANAREXTENT(1000.,1000.);
#3126=IFCTEXTLITERALWITHEXTENT('{{Name}}',#3124,.RIGHT.,#3125,'center');
#3127=IFCSHAPEREPRESENTATION(#25,'Annotation','Annotation2D',(#3126));
#3128=IFCCARTESIANPOINT((0.,0.,0.));
#3129=IFCDIRECTION((1.,0.,0.));
#3130=IFCDIRECTION((0.,0.,1.));
#3131=IFCAXIS2PLACEMENT3D(#3128,#3130,#3129);
#3132=IFCREPRESENTATIONMAP(#3131,#3127);
#3133=IFCOWNERHISTORY(#3,#240,.READWRITE.,.MODIFIED.,1784292096,#3,#240,1784292096);
#3134=IFCTYPEPRODUCT('0vvfHSiaPBxewA$32C4LdW',#3133,'SPACE-TAG',$,'IfcAnnotation/TEXT',(#3136),(#3161),$);
#3135=IFCOWNERHISTORY(#3,#240,.READWRITE.,.ADDED.,1784292096,#3,#240,1784292096);
#3136=IFCPROPERTYSET('2zKuFdTPj3DhNdQ0U2kd5u',#3135,'EPset_Annotation',$,(#3137));
#3137=IFCPROPERTYSINGLEVALUE('Symbol',$,IFCLABEL('space-tag'),$);
#3138=IFCCARTESIANPOINT((0.,0.,0.));
#3139=IFCDIRECTION((0.,0.,1.));
#3140=IFCDIRECTION((1.,0.,0.));
#3141=IFCAXIS2PLACEMENT3D(#3138,#3139,#3140);
#3142=IFCPLANAREXTENT(1000.,1000.);
#3143=IFCTEXTLITERALWITHEXTENT('{{Name}}',#3141,.RIGHT.,#3142,'center');
#3144=IFCCARTESIANPOINT((0.,0.,0.));
#3145=IFCDIRECTION((0.,0.,1.));
#3146=IFCDIRECTION((1.,0.,0.));
#3147=IFCAXIS2PLACEMENT3D(#3144,#3145,#3146);
#3148=IFCPLANAREXTENT(1000.,1000.);
#3149=IFCTEXTLITERALWITHEXTENT('{{Description}}',#3147,.RIGHT.,#3148,'center');
#3150=IFCCARTESIANPOINT((0.,0.,0.));
#3151=IFCDIRECTION((0.,0.,1.));
#3152=IFCDIRECTION((1.,0.,0.));
#3153=IFCAXIS2PLACEMENT3D(#3150,#3151,#3152);
#3154=IFCPLANAREXTENT(1000.,1000.);
#3155=IFCTEXTLITERALWITHEXTENT('``round({{Qto_SpaceBaseQuantities.NetFloorArea}}, 0.01)``',#3153,.RIGHT.,#3154,'center');
#3156=IFCSHAPEREPRESENTATION(#25,'Annotation','Annotation2D',(#3143,#3149,#3155));
#3157=IFCCARTESIANPOINT((0.,0.,0.));
#3158=IFCDIRECTION((1.,0.,0.));
#3159=IFCDIRECTION((0.,0.,1.));
#3160=IFCAXIS2PLACEMENT3D(#3157,#3159,#3158);
#3161=IFCREPRESENTATIONMAP(#3160,#3156);
#3162=IFCOWNERHISTORY(#3,#240,.READWRITE.,.MODIFIED.,1784292096,#3,#240,1784292096);
#3163=IFCTYPEPRODUCT('36lTcd9yT8UBNDejQUNWrq',#3162,'MATERIAL-TAG',$,'IfcAnnotation/TEXT',(#3165),(#3178),$);
#3164=IFCOWNERHISTORY(#3,#240,.READWRITE.,.ADDED.,1784292096,#3,#240,1784292096);
#3165=IFCPROPERTYSET('1x86VNVk1Drwe5XOj$GZX3',#3164,'EPset_Annotation',$,(#3166));
#3166=IFCPROPERTYSINGLEVALUE('Symbol',$,IFCLABEL('rectangle-tag'),$);
#3167=IFCCARTESIANPOINT((0.,0.,0.));
#3168=IFCDIRECTION((0.,0.,1.));
#3169=IFCDIRECTION((1.,0.,0.));
#3170=IFCAXIS2PLACEMENT3D(#3167,#3168,#3169);
#3171=IFCPLANAREXTENT(1000.,1000.);
#3172=IFCTEXTLITERALWITHEXTENT('{{material.Name}}',#3170,.RIGHT.,#3171,'center');
#3173=IFCSHAPEREPRESENTATION(#25,'Annotation','Annotation2D',(#3172));
#3174=IFCCARTESIANPOINT((0.,0.,0.));
#3175=IFCDIRECTION((1.,0.,0.));
#3176=IFCDIRECTION((0.,0.,1.));
#3177=IFCAXIS2PLACEMENT3D(#3174,#3176,#3175);
#3178=IFCREPRESENTATIONMAP(#3177,#3173);
#3179=IFCOWNERHISTORY(#3,#240,.READWRITE.,.MODIFIED.,1784292096,#3,#240,1784292096);
#3180=IFCTYPEPRODUCT('1rxhEX6I16oPqglXaGZ7Sw',#3179,'TYPE-TAG',$,'IfcAnnotation/TEXT',(#3182),(#3195),$);
#3181=IFCOWNERHISTORY(#3,#240,.READWRITE.,.ADDED.,1784292096,#3,#240,1784292096);
#3182=IFCPROPERTYSET('3BeqEbDzX0xORamqqSx_kZ',#3181,'EPset_Annotation',$,(#3183));
#3183=IFCPROPERTYSINGLEVALUE('Symbol',$,IFCLABEL('capsule-tag'),$);
#3184=IFCCARTESIANPOINT((0.,0.,0.));
#3185=IFCDIRECTION((0.,0.,1.));
#3186=IFCDIRECTION((1.,0.,0.));
#3187=IFCAXIS2PLACEMENT3D(#3184,#3185,#3186);
#3188=IFCPLANAREXTENT(1000.,1000.);
#3189=IFCTEXTLITERALWITHEXTENT('{{type.Name}}',#3187,.RIGHT.,#3188,'center');
#3190=IFCSHAPEREPRESENTATION(#25,'Annotation','Annotation2D',(#3189));
#3191=IFCCARTESIANPOINT((0.,0.,0.));
#3192=IFCDIRECTION((1.,0.,0.));
#3193=IFCDIRECTION((0.,0.,1.));
#3194=IFCAXIS2PLACEMENT3D(#3191,#3193,#3192);
#3195=IFCREPRESENTATIONMAP(#3194,#3190);
#3196=IFCOWNERHISTORY(#3,#240,.READWRITE.,.MODIFIED.,1784292096,#3,#240,1784292096);
#3197=IFCTYPEPRODUCT('0sws1hxNb2Og1etXqyoEh1',#3196,'NAME-TAG',$,'IfcAnnotation/TEXT',(#3199),(#3212),$);
#3198=IFCOWNERHISTORY(#3,#240,.READWRITE.,.ADDED.,1784292096,#3,#240,1784292096);
#3199=IFCPROPERTYSET('11L$PtdnX8LfYigzRZ$g0a',#3198,'EPset_Annotation',$,(#3200));
#3200=IFCPROPERTYSINGLEVALUE('Symbol',$,IFCLABEL('capsule-tag'),$);
#3201=IFCCARTESIANPOINT((0.,0.,0.));
#3202=IFCDIRECTION((0.,0.,1.));
#3203=IFCDIRECTION((1.,0.,0.));
#3204=IFCAXIS2PLACEMENT3D(#3201,#3202,#3203);
#3205=IFCPLANAREXTENT(1000.,1000.);
#3206=IFCTEXTLITERALWITHEXTENT('{{Name}}',#3204,.RIGHT.,#3205,'center');
#3207=IFCSHAPEREPRESENTATION(#25,'Annotation','Annotation2D',(#3206));
#3208=IFCCARTESIANPOINT((0.,0.,0.));
#3209=IFCDIRECTION((1.,0.,0.));
#3210=IFCDIRECTION((0.,0.,1.));
#3211=IFCAXIS2PLACEMENT3D(#3208,#3210,#3209);
#3212=IFCREPRESENTATIONMAP(#3211,#3207);
ENDSEC;
END-ISO-10303-21;
